State,Year,Rainfall
Andaman & Nicobar Islands,1901,3373.2
Andaman & Nicobar Islands,1902,3520.7
Andaman & Nicobar Islands,1903,2957.4
Andaman & Nicobar Islands,1904,3079.6
Andaman & Nicobar Islands,1905,2566.7
Andaman & Nicobar Islands,1906,2534.4
Andaman & Nicobar Islands,1907,3347.9
Andaman & Nicobar Islands,1908,3576.4
Andaman & Nicobar Islands,1910,2899.4
Andaman & Nicobar Islands,1911,2687.2
Andaman & Nicobar Islands,1912,2960.5
Andaman & Nicobar Islands,1913,2365.8
Andaman & Nicobar Islands,1914,2957.8
Andaman & Nicobar Islands,1915,2741.3
Andaman & Nicobar Islands,1916,2937.5
Andaman & Nicobar Islands,1917,2612.4
Andaman & Nicobar Islands,1918,3275.0
Andaman & Nicobar Islands,1919,2352.1
Andaman & Nicobar Islands,1920,2943.2
Andaman & Nicobar Islands,1921,2606.4
Andaman & Nicobar Islands,1922,3554.2
Andaman & Nicobar Islands,1923,
Andaman & Nicobar Islands,1924,
Andaman & Nicobar Islands,1925,2480.5
Andaman & Nicobar Islands,1926,3282.2
Andaman & Nicobar Islands,1927,2442.9
Andaman & Nicobar Islands,1928,2998.3
Andaman & Nicobar Islands,1929,2926.6
Andaman & Nicobar Islands,1930,3075.1
Andaman & Nicobar Islands,1931,2357.7
Andaman & Nicobar Islands,1932,
Andaman & Nicobar Islands,1933,2987.5
Andaman & Nicobar Islands,1934,3722.8
Andaman & Nicobar Islands,1935,3154.0
Andaman & Nicobar Islands,1936,
Andaman & Nicobar Islands,1937,3591.1
Andaman & Nicobar Islands,1938,3264.4
Andaman & Nicobar Islands,1939,2782.5
Andaman & Nicobar Islands,1940,3007.5
Andaman & Nicobar Islands,1941,2898.2
Andaman & Nicobar Islands,1942,
Andaman & Nicobar Islands,1946,2791.6
Andaman & Nicobar Islands,1947,
Andaman & Nicobar Islands,1949,3489.6
Andaman & Nicobar Islands,1950,2422.2
Andaman & Nicobar Islands,1951,3275.1
Andaman & Nicobar Islands,1952,3079.9
Andaman & Nicobar Islands,1953,2721.9
Andaman & Nicobar Islands,1954,3449.0
Andaman & Nicobar Islands,1955,3349.6
Andaman & Nicobar Islands,1956,3080.0
Andaman & Nicobar Islands,1957,2507.2
Andaman & Nicobar Islands,1958,2807.4
Andaman & Nicobar Islands,1959,3343.3
Andaman & Nicobar Islands,1960,3025.0
Andaman & Nicobar Islands,1961,3938.2
Andaman & Nicobar Islands,1962,2959.7
Andaman & Nicobar Islands,1963,2981.7
Andaman & Nicobar Islands,1964,3054.8
Andaman & Nicobar Islands,1965,3163.8
Andaman & Nicobar Islands,1966,2701.2
Andaman & Nicobar Islands,1967,3216.4
Andaman & Nicobar Islands,1968,2762.8
Andaman & Nicobar Islands,1969,2619.0
Andaman & Nicobar Islands,1970,3370.8
Andaman & Nicobar Islands,1971,2998.6
Andaman & Nicobar Islands,1972,3323.0
Andaman & Nicobar Islands,1973,2991.1
Andaman & Nicobar Islands,1974,2962.0
Andaman & Nicobar Islands,1975,3085.7
Andaman & Nicobar Islands,1976,3276.0
Andaman & Nicobar Islands,1977,2388.2
Andaman & Nicobar Islands,1978,2712.4
Andaman & Nicobar Islands,1979,1849.4
Andaman & Nicobar Islands,1980,3625.3
Andaman & Nicobar Islands,1981,3074.8
Andaman & Nicobar Islands,1982,2384.5
Andaman & Nicobar Islands,1983,2792.4
Andaman & Nicobar Islands,1984,2820.3
Andaman & Nicobar Islands,1985,2630.8
Andaman & Nicobar Islands,1986,2187.8
Andaman & Nicobar Islands,1987,2764.0
Andaman & Nicobar Islands,1988,3323.0
Andaman & Nicobar Islands,1989,2533.6
Andaman & Nicobar Islands,1990,2183.4
Andaman & Nicobar Islands,1991,2535.8
Andaman & Nicobar Islands,1992,2098.7
Andaman & Nicobar Islands,1993,2237.4
Andaman & Nicobar Islands,1994,3262.8
Andaman & Nicobar Islands,1995,3115.4
Andaman & Nicobar Islands,1996,2996.9
Andaman & Nicobar Islands,1997,2755.1
Andaman & Nicobar Islands,1998,2846.4
Andaman & Nicobar Islands,1999,2699.7
Andaman & Nicobar Islands,2000,2763.2
Andaman & Nicobar Islands,2001,3080.9
Andaman & Nicobar Islands,2002,2620.2
Andaman & Nicobar Islands,2003,2355.9
Andaman & Nicobar Islands,2004,2460.1
Andaman & Nicobar Islands,2005,2954.7
Andaman & Nicobar Islands,2006,2404.7
Andaman & Nicobar Islands,2007,2748.0
Andaman & Nicobar Islands,2008,3374.8
Andaman & Nicobar Islands,2009,2538.6
Andaman & Nicobar Islands,2010,3157.1
Andaman & Nicobar Islands,2011,3828.0
Andaman & Nicobar Islands,2012,3497.6
Andaman & Nicobar Islands,2013,3757.8
Andaman & Nicobar Islands,2014,2622.4
Andaman & Nicobar Islands,2015,2904.6
Andaman & Nicobar Islands,2016,2851.9
Andaman & Nicobar Islands,2017,2890.0
Andhra Pradesh,1901,853.9
Andhra Pradesh,1902,941.0
Andhra Pradesh,1903,1227.2
Andhra Pradesh,1904,646.8
Andhra Pradesh,1905,749.3
Andhra Pradesh,1906,967.05
Andhra Pradesh,1907,729.15
Andhra Pradesh,1908,729.7
Andhra Pradesh,1909,869.1
Andhra Pradesh,1910,1127.85
Andhra Pradesh,1911,705.05
Andhra Pradesh,1912,824.55
Andhra Pradesh,1913,728.65
Andhra Pradesh,1914,845.75
Andhra Pradesh,1915,1135.25
Andhra Pradesh,1916,1199.1
Andhra Pradesh,1917,1111.35
Andhra Pradesh,1918,711.9
Andhra Pradesh,1919,1015.95
Andhra Pradesh,1920,699.15
Andhra Pradesh,1921,879.3
Andhra Pradesh,1922,811.8
Andhra Pradesh,1923,821.1
Andhra Pradesh,1924,933.15
Andhra Pradesh,1925,1052.0
Andhra Pradesh,1926,776.6500000000001
Andhra Pradesh,1927,867.5
Andhra Pradesh,1928,906.3
Andhra Pradesh,1929,777.85
Andhra Pradesh,1930,1109.1
Andhra Pradesh,1931,1003.15
Andhra Pradesh,1932,803.65
Andhra Pradesh,1933,882.75
Andhra Pradesh,1934,747.85
Andhra Pradesh,1935,766.7
Andhra Pradesh,1936,1012.1500000000001
Andhra Pradesh,1937,833.8
Andhra Pradesh,1938,940.3
Andhra Pradesh,1939,934.25
Andhra Pradesh,1940,986.8
Andhra Pradesh,1941,840.0
Andhra Pradesh,1942,708.3499999999999
Andhra Pradesh,1943,1007.2
Andhra Pradesh,1944,1036.65
Andhra Pradesh,1945,797.8
Andhra Pradesh,1946,961.95
Andhra Pradesh,1947,875.25
Andhra Pradesh,1948,816.75
Andhra Pradesh,1949,1021.9
Andhra Pradesh,1950,748.45
Andhra Pradesh,1951,817.25
Andhra Pradesh,1952,808.95
Andhra Pradesh,1953,892.85
Andhra Pradesh,1954,969.45
Andhra Pradesh,1955,1097.65
Andhra Pradesh,1956,1169.75
Andhra Pradesh,1957,794.6500000000001
Andhra Pradesh,1958,1206.85
Andhra Pradesh,1959,878.25
Andhra Pradesh,1960,843.8
Andhra Pradesh,1961,885.35
Andhra Pradesh,1962,1080.9
Andhra Pradesh,1963,866.5
Andhra Pradesh,1964,926.3
Andhra Pradesh,1965,675.05
Andhra Pradesh,1966,929.4000000000001
Andhra Pradesh,1967,790.35
Andhra Pradesh,1968,731.4
Andhra Pradesh,1969,1061.05
Andhra Pradesh,1970,920.3
Andhra Pradesh,1971,827.1500000000001
Andhra Pradesh,1972,927.25
Andhra Pradesh,1973,774.3
Andhra Pradesh,1974,836.7
Andhra Pradesh,1975,1117.0
Andhra Pradesh,1976,953.65
Andhra Pradesh,1977,999.7
Andhra Pradesh,1978,953.8
Andhra Pradesh,1979,873.75
Andhra Pradesh,1980,794.25
Andhra Pradesh,1981,857.25
Andhra Pradesh,1982,742.05
Andhra Pradesh,1983,1069.5
Andhra Pradesh,1984,759.1
Andhra Pradesh,1985,826.7
Andhra Pradesh,1986,795.3
Andhra Pradesh,1987,924.7
Andhra Pradesh,1988,1003.55
Andhra Pradesh,1989,861.85
Andhra Pradesh,1990,1270.9
Andhra Pradesh,1991,1044.8
Andhra Pradesh,1992,798.5
Andhra Pradesh,1993,878.4000000000001
Andhra Pradesh,1994,922.8
Andhra Pradesh,1995,1113.15
Andhra Pradesh,1996,1244.3000000000002
Andhra Pradesh,1997,903.55
Andhra Pradesh,1998,1129.45
Andhra Pradesh,1999,681.1500000000001
Andhra Pradesh,2000,931.8
Andhra Pradesh,2001,966.9
Andhra Pradesh,2002,659.2
Andhra Pradesh,2003,911.15
Andhra Pradesh,2004,807.6500000000001
Andhra Pradesh,2005,1144.0
Andhra Pradesh,2006,898.8499999999999
Andhra Pradesh,2007,1039.9
Andhra Pradesh,2008,952.75
Andhra Pradesh,2009,739.35
Andhra Pradesh,2010,1337.95
Andhra Pradesh,2011,799.95
Andhra Pradesh,2012,1016.7
Andhra Pradesh,2013,941.55
Andhra Pradesh,2014,713.3499999999999
Andhra Pradesh,2015,1029.0
Andhra Pradesh,2016,732.15
Andhra Pradesh,2017,863.6
Arunachal Pradesh,1916,
Arunachal Pradesh,1917,
Arunachal Pradesh,1918,5486.3
Arunachal Pradesh,1919,4693.9
Arunachal Pradesh,1920,4106.7
Arunachal Pradesh,1921,5691.4
Arunachal Pradesh,1922,4187.2
Arunachal Pradesh,1923,3507.5
Arunachal Pradesh,1924,4450.5
Arunachal Pradesh,1925,4439.8
Arunachal Pradesh,1926,3521.6
Arunachal Pradesh,1927,5253.2
Arunachal Pradesh,1928,5272.7
Arunachal Pradesh,1929,4320.2
Arunachal Pradesh,1930,4334.1
Arunachal Pradesh,1931,4872.1
Arunachal Pradesh,1932,4850.9
Arunachal Pradesh,1933,3773.3
Arunachal Pradesh,1934,4575.7
Arunachal Pradesh,1935,4173.7
Arunachal Pradesh,1936,4788.9
Arunachal Pradesh,1937,3375.1
Arunachal Pradesh,1938,6129.0
Arunachal Pradesh,1939,3898.7
Arunachal Pradesh,1940,4099.3
Arunachal Pradesh,1941,4220.2
Arunachal Pradesh,1942,3828.2
Arunachal Pradesh,1943,4326.7
Arunachal Pradesh,1944,3904.3
Arunachal Pradesh,1945,3649.3
Arunachal Pradesh,1946,4011.2
Arunachal Pradesh,1947,4369.1
Arunachal Pradesh,1948,6331.1
Arunachal Pradesh,1949,4874.7
Arunachal Pradesh,1950,
Arunachal Pradesh,1951,3354.2
Arunachal Pradesh,1952,2396.1
Arunachal Pradesh,1953,
Arunachal Pradesh,1957,
Arunachal Pradesh,1958,5063.5
Arunachal Pradesh,1959,4195.5
Arunachal Pradesh,1960,3709.4
Arunachal Pradesh,1961,3676.5
Arunachal Pradesh,1962,
Arunachal Pradesh,1963,4138.0
Arunachal Pradesh,1964,4959.3
Arunachal Pradesh,1965,2196.8
Arunachal Pradesh,1966,2209.6
Arunachal Pradesh,1967,1668.5
Arunachal Pradesh,1968,2139.0
Arunachal Pradesh,1969,1877.7
Arunachal Pradesh,1970,1973.4
Arunachal Pradesh,1971,2184.5
Arunachal Pradesh,1972,2281.3
Arunachal Pradesh,1973,2457.5
Arunachal Pradesh,1974,3063.9
Arunachal Pradesh,1975,2213.3
Arunachal Pradesh,1976,2419.5
Arunachal Pradesh,1977,3774.3
Arunachal Pradesh,1978,2531.0
Arunachal Pradesh,1979,2773.6
Arunachal Pradesh,1980,3215.3
Arunachal Pradesh,1981,2790.9
Arunachal Pradesh,1982,2779.5
Arunachal Pradesh,1983,3335.3
Arunachal Pradesh,1984,3278.0
Arunachal Pradesh,1985,3266.2
Arunachal Pradesh,1986,2495.6
Arunachal Pradesh,1987,3433.2
Arunachal Pradesh,1988,4155.3
Arunachal Pradesh,1989,3281.6
Arunachal Pradesh,1990,3604.0
Arunachal Pradesh,1991,3434.4
Arunachal Pradesh,1992,2707.0
Arunachal Pradesh,1993,3348.9
Arunachal Pradesh,1994,2287.4
Arunachal Pradesh,1995,3068.8
Arunachal Pradesh,1996,2520.5
Arunachal Pradesh,1997,2274.9
Arunachal Pradesh,1998,3616.7
Arunachal Pradesh,1999,2316.6
Arunachal Pradesh,2000,2596.8
Arunachal Pradesh,2001,2036.0
Arunachal Pradesh,2002,2389.2
Arunachal Pradesh,2003,2451.8
Arunachal Pradesh,2004,2545.7
Arunachal Pradesh,2005,2335.5
Arunachal Pradesh,2006,2259.6
Arunachal Pradesh,2007,3020.7
Arunachal Pradesh,2008,2244.4
Arunachal Pradesh,2009,1749.9
Arunachal Pradesh,2010,2855.7
Arunachal Pradesh,2011,2193.7
Arunachal Pradesh,2012,3440.3
Arunachal Pradesh,2013,2042.9
Arunachal Pradesh,2014,2403.2
Arunachal Pradesh,2015,2767.5
Arunachal Pradesh,2016,2706.9
Arunachal Pradesh,2017,2745.3
Assam,1901,2498.6
Assam,1902,2952.1
Assam,1903,2544.7
Assam,1904,2664.1
Assam,1905,2790.6
Assam,1906,2663.4
Assam,1907,2521.1
Assam,1908,2277.8
Assam,1909,2377.0
Assam,1910,2887.3
Assam,1911,3096.2
Assam,1912,2743.5
Assam,1913,2760.5
Assam,1914,2343.8
Assam,1915,3165.1
Assam,1916,2601.1
Assam,1917,2519.9
Assam,1918,3106.8
Assam,1919,2344.2
Assam,1920,2623.6
Assam,1921,2999.7
Assam,1922,2261.9
Assam,1923,2440.6
Assam,1924,2691.4
Assam,1925,2550.5
Assam,1926,2511.7
Assam,1927,2793.1
Assam,1928,2634.3
Assam,1929,2953.8
Assam,1930,2550.7
Assam,1931,2800.1
Assam,1932,2888.7
Assam,1933,2339.1
Assam,1934,3074.9
Assam,1935,2678.4
Assam,1936,2671.3
Assam,1937,2324.6
Assam,1938,2786.5
Assam,1939,2401.6
Assam,1940,2451.6
Assam,1941,2709.5
Assam,1942,2677.0
Assam,1943,2703.7
Assam,1944,2524.3
Assam,1945,2665.7
Assam,1946,2679.5
Assam,1947,2643.3
Assam,1948,3185.4
Assam,1949,2983.4
Assam,1950,2392.4
Assam,1951,2613.8
Assam,1952,2851.3
Assam,1953,2559.9
Assam,1954,2859.1
Assam,1955,2761.2
Assam,1956,2802.9
Assam,1957,2257.2
Assam,1958,2626.4
Assam,1959,2535.8
Assam,1960,2342.2
Assam,1961,2195.3
Assam,1962,2295.9
Assam,1963,2511.8
Assam,1964,2729.6
Assam,1965,2398.9
Assam,1966,2789.3
Assam,1967,2123.4
Assam,1968,2530.8
Assam,1969,2332.2
Assam,1970,3048.4
Assam,1971,2315.1
Assam,1972,2379.1
Assam,1973,2672.1
Assam,1974,3403.5
Assam,1975,2270.6
Assam,1976,1956.0
Assam,1977,2616.6
Assam,1978,2011.9
Assam,1979,2188.5
Assam,1980,2289.2
Assam,1981,2079.3
Assam,1982,2382.2
Assam,1983,2620.0
Assam,1984,3157.0
Assam,1985,2801.6
Assam,1986,2592.8
Assam,1987,2921.4
Assam,1988,3261.7
Assam,1989,2682.1
Assam,1990,2771.2
Assam,1991,2838.0
Assam,1992,2259.8
Assam,1993,2879.2
Assam,1994,2121.3
Assam,1995,2886.1
Assam,1996,2466.9
Assam,1997,2372.2
Assam,1998,2803.1
Assam,1999,2594.2
Assam,2000,2487.0
Assam,2001,2178.4
Assam,2002,2392.7
Assam,2003,2434.1
Assam,2004,2994.3
Assam,2005,2468.3
Assam,2006,1898.6
Assam,2007,2752.8
Assam,2008,2339.7
Assam,2009,2068.2
Assam,2010,2711.5
Assam,2011,1743.4
Assam,2012,2609.4
Assam,2013,1816.4
Assam,2014,2206.1
Assam,2015,2470.9
Assam,2016,2266.9
Assam,2017,2711.7
Bihar,1901,952.3
Bihar,1902,1206.2
Bihar,1903,1016.3
Bihar,1904,1269.5
Bihar,1905,1498.5
Bihar,1906,1265.1
Bihar,1907,1126.4
Bihar,1908,737.5
Bihar,1909,1390.5
Bihar,1910,1398.5
Bihar,1911,1449.2
Bihar,1912,1129.4
Bihar,1913,1529.7
Bihar,1914,1059.8
Bihar,1915,1349.4
Bihar,1916,1504.6
Bihar,1917,1334.1
Bihar,1918,1411.7
Bihar,1919,1252.7
Bihar,1920,1123.9
Bihar,1921,1272.2
Bihar,1922,1449.2
Bihar,1923,982.8
Bihar,1924,1456.3
Bihar,1925,1191.5
Bihar,1926,1121.8
Bihar,1927,1100.2
Bihar,1928,1249.8
Bihar,1929,1359.2
Bihar,1930,1114.3
Bihar,1931,1146.3
Bihar,1932,926.9
Bihar,1933,1392.6
Bihar,1934,1226.1
Bihar,1935,1240.4
Bihar,1936,1572.5
Bihar,1937,1306.4
Bihar,1938,1506.7
Bihar,1939,1243.2
Bihar,1940,1088.3
Bihar,1941,1223.1
Bihar,1942,1252.5
Bihar,1943,1169.9
Bihar,1944,1228.8
Bihar,1945,1242.9
Bihar,1946,1393.7
Bihar,1947,1092.1
Bihar,1948,1299.2
Bihar,1949,1444.4
Bihar,1950,1124.6
Bihar,1951,850.2
Bihar,1952,1206.8
Bihar,1953,1378.7
Bihar,1954,1050.5
Bihar,1955,1244.2
Bihar,1956,1493.4
Bihar,1957,966.9
Bihar,1958,1167.4
Bihar,1959,1179.6
Bihar,1960,1247.9
Bihar,1961,1258.1
Bihar,1962,1178.1
Bihar,1963,1326.1
Bihar,1964,1122.5
Bihar,1965,1002.7
Bihar,1966,767.0
Bihar,1967,999.9
Bihar,1968,1140.1
Bihar,1969,1288.6
Bihar,1970,1074.7
Bihar,1971,1432.6
Bihar,1972,717.9
Bihar,1973,1189.0
Bihar,1974,1235.2
Bihar,1975,1069.1
Bihar,1976,1161.7
Bihar,1977,1147.5
Bihar,1978,1290.8
Bihar,1979,1001.9
Bihar,1980,1252.2
Bihar,1981,1364.7
Bihar,1982,933.5
Bihar,1983,1104.2
Bihar,1984,1426.2
Bihar,1985,1455.0
Bihar,1986,1322.1
Bihar,1987,1660.4
Bihar,1988,1337.4
Bihar,1989,1269.9
Bihar,1990,1239.4
Bihar,1991,1045.7
Bihar,1992,797.6
Bihar,1993,1208.3
Bihar,1994,969.4
Bihar,1995,1111.9
Bihar,1996,1107.2
Bihar,1997,1303.7
Bihar,1998,1332.5
Bihar,1999,1402.7
Bihar,2000,1207.0
Bihar,2001,1247.0
Bihar,2002,1105.8
Bihar,2003,1353.9
Bihar,2004,1147.8
Bihar,2005,907.8
Bihar,2006,1052.8
Bihar,2007,1600.2
Bihar,2008,1197.7
Bihar,2009,889.3
Bihar,2010,629.2
Bihar,2011,1097.1
Bihar,2012,1032.4
Bihar,2013,1069.9
Bihar,2014,1061.0
Bihar,2015,872.7
Bihar,2016,1158.0
Bihar,2017,1112.0
Chandigarh,1901,390.1
Chandigarh,1902,419.8
Chandigarh,1903,428.9
Chandigarh,1904,527.8
Chandigarh,1905,322.9
Chandigarh,1906,593.6
Chandigarh,1907,443.9
Chandigarh,1908,689.0
Chandigarh,1909,769.3
Chandigarh,1910,605.2
Chandigarh,1911,509.7
Chandigarh,1912,529.3
Chandigarh,1913,508.4
Chandigarh,1914,664.7
Chandigarh,1915,422.4
Chandigarh,1916,629.1
Chandigarh,1917,986.7
Chandigarh,1918,234.7
Chandigarh,1919,553.7
Chandigarh,1920,368.8
Chandigarh,1921,446.5
Chandigarh,1922,552.9
Chandigarh,1923,581.5
Chandigarh,1924,654.8
Chandigarh,1925,557.2
Chandigarh,1926,615.9
Chandigarh,1927,502.5
Chandigarh,1928,388.2
Chandigarh,1929,306.6
Chandigarh,1930,500.5
Chandigarh,1931,519.2
Chandigarh,1932,440.1
Chandigarh,1933,856.9
Chandigarh,1934,501.4
Chandigarh,1935,568.3
Chandigarh,1936,511.1
Chandigarh,1937,481.7
Chandigarh,1938,278.8
Chandigarh,1939,310.2
Chandigarh,1940,395.7
Chandigarh,1941,363.9
Chandigarh,1942,804.5
Chandigarh,1943,407.9
Chandigarh,1944,484.2
Chandigarh,1945,654.6
Chandigarh,1946,437.8
Chandigarh,1947,464.5
Chandigarh,1948,592.1
Chandigarh,1949,485.3
Chandigarh,1950,551.1
Chandigarh,1951,338.2
Chandigarh,1952,556.3
Chandigarh,1953,561.9
Chandigarh,1954,537.0
Chandigarh,1955,694.1
Chandigarh,1956,653.8
Chandigarh,1957,617.2
Chandigarh,1958,673.0
Chandigarh,1959,484.9
Chandigarh,1960,722.9
Chandigarh,1961,627.9
Chandigarh,1962,511.0
Chandigarh,1963,521.8
Chandigarh,1964,710.9
Chandigarh,1965,381.9
Chandigarh,1966,707.7
Chandigarh,1967,839.9
Chandigarh,1968,388.3
Chandigarh,1969,477.2
Chandigarh,1970,538.2
Chandigarh,1971,636.8
Chandigarh,1972,440.8
Chandigarh,1973,527.2
Chandigarh,1974,384.9
Chandigarh,1975,622.1
Chandigarh,1976,726.7
Chandigarh,1977,740.1
Chandigarh,1978,651.1
Chandigarh,1979,341.5
Chandigarh,1980,513.2
Chandigarh,1981,493.4
Chandigarh,1982,506.6
Chandigarh,1983,744.5
Chandigarh,1984,479.2
Chandigarh,1985,572.4
Chandigarh,1986,450.9
Chandigarh,1987,318.6
Chandigarh,1988,845.0
Chandigarh,1989,416.5
Chandigarh,1990,703.1
Chandigarh,1991,393.9
Chandigarh,1992,429.7
Chandigarh,1993,523.8
Chandigarh,1994,564.4
Chandigarh,1995,819.1
Chandigarh,1996,644.6
Chandigarh,1997,668.6
Chandigarh,1998,685.3
Chandigarh,1999,344.4
Chandigarh,2000,384.4
Chandigarh,2001,485.5
Chandigarh,2002,357.2
Chandigarh,2003,597.6
Chandigarh,2004,487.3
Chandigarh,2005,519.5
Chandigarh,2006,330.9
Chandigarh,2007,446.6
Chandigarh,2008,710.4
Chandigarh,2009,395.4
Chandigarh,2010,640.5
Chandigarh,2011,512.0
Chandigarh,2012,391.4
Chandigarh,2013,461.2
Chandigarh,2014,305.5
Chandigarh,2015,435.3
Chandigarh,2016,398.7
Chandigarh,2017,421.6
Chhattisgarh,1901,1387.0
Chhattisgarh,1902,923.9
Chhattisgarh,1903,1331.2
Chhattisgarh,1904,1492.4
Chhattisgarh,1905,1251.1
Chhattisgarh,1906,1394.6
Chhattisgarh,1907,1308.8
Chhattisgarh,1908,1488.7
Chhattisgarh,1909,1284.1
Chhattisgarh,1910,1407.2
Chhattisgarh,1911,1504.1
Chhattisgarh,1912,1227.0
Chhattisgarh,1913,1234.6
Chhattisgarh,1914,1418.1
Chhattisgarh,1915,1455.9
Chhattisgarh,1916,1443.0
Chhattisgarh,1917,1727.7
Chhattisgarh,1918,1377.2
Chhattisgarh,1919,1859.0
Chhattisgarh,1920,1203.4
Chhattisgarh,1921,1319.4
Chhattisgarh,1922,1308.8
Chhattisgarh,1923,1387.2
Chhattisgarh,1924,1334.2
Chhattisgarh,1925,1737.1
Chhattisgarh,1926,1634.9
Chhattisgarh,1927,1537.1
Chhattisgarh,1928,1219.2
Chhattisgarh,1929,1663.8
Chhattisgarh,1930,1383.5
Chhattisgarh,1931,1467.0
Chhattisgarh,1932,1357.6
Chhattisgarh,1933,1650.6
Chhattisgarh,1934,1529.2
Chhattisgarh,1935,1269.2
Chhattisgarh,1936,1826.2
Chhattisgarh,1937,1616.8
Chhattisgarh,1938,1505.8
Chhattisgarh,1939,1480.3
Chhattisgarh,1940,1448.4
Chhattisgarh,1941,1005.1
Chhattisgarh,1942,1598.3
Chhattisgarh,1943,1645.1
Chhattisgarh,1944,1792.7
Chhattisgarh,1945,1585.6
Chhattisgarh,1946,1599.0
Chhattisgarh,1947,1599.6
Chhattisgarh,1948,1491.7
Chhattisgarh,1949,1499.6
Chhattisgarh,1950,1292.2
Chhattisgarh,1951,1411.6
Chhattisgarh,1952,1396.4
Chhattisgarh,1953,1370.2
Chhattisgarh,1954,1193.7
Chhattisgarh,1955,1440.7
Chhattisgarh,1956,1557.0
Chhattisgarh,1957,1222.4
Chhattisgarh,1958,1520.9
Chhattisgarh,1959,1544.2
Chhattisgarh,1960,1364.3
Chhattisgarh,1961,1974.0
Chhattisgarh,1962,1124.7
Chhattisgarh,1963,1337.2
Chhattisgarh,1964,1509.1
Chhattisgarh,1965,941.6
Chhattisgarh,1966,1087.1
Chhattisgarh,1967,1472.5
Chhattisgarh,1968,1168.0
Chhattisgarh,1969,1172.6
Chhattisgarh,1970,1501.5
Chhattisgarh,1971,1533.8
Chhattisgarh,1972,1198.9
Chhattisgarh,1973,1467.3
Chhattisgarh,1974,951.0
Chhattisgarh,1975,1475.5
Chhattisgarh,1976,1379.3
Chhattisgarh,1977,1465.5
Chhattisgarh,1978,1370.4
Chhattisgarh,1979,904.6
Chhattisgarh,1980,1495.4
Chhattisgarh,1981,1216.2
Chhattisgarh,1982,1197.4
Chhattisgarh,1983,1371.9
Chhattisgarh,1984,1254.7
Chhattisgarh,1985,1237.5
Chhattisgarh,1986,1368.6
Chhattisgarh,1987,1142.8
Chhattisgarh,1988,1206.3
Chhattisgarh,1989,1187.2
Chhattisgarh,1990,1643.8
Chhattisgarh,1991,1220.8
Chhattisgarh,1992,1156.6
Chhattisgarh,1993,1205.3
Chhattisgarh,1994,1754.5
Chhattisgarh,1995,1280.7
Chhattisgarh,1996,1187.0
Chhattisgarh,1997,1317.2
Chhattisgarh,1998,1332.5
Chhattisgarh,1999,1322.6
Chhattisgarh,2000,906.3
Chhattisgarh,2001,1600.1
Chhattisgarh,2002,990.2
Chhattisgarh,2003,1694.3
Chhattisgarh,2004,1144.5
Chhattisgarh,2005,1287.2
Chhattisgarh,2006,1317.7
Chhattisgarh,2007,1281.2
Chhattisgarh,2008,1108.5
Chhattisgarh,2009,956.6
Chhattisgarh,2010,1306.6
Chhattisgarh,2011,1302.7
Chhattisgarh,2012,1377.4
Chhattisgarh,2013,1420.0
Chhattisgarh,2014,1278.7
Chhattisgarh,2015,1117.6
Chhattisgarh,2016,1315.8
Chhattisgarh,2017,1124.4
Delhi,1901,390.1
Delhi,1902,419.8
Delhi,1903,428.9
Delhi,1904,527.8
Delhi,1905,322.9
Delhi,1906,593.6
Delhi,1907,443.9
Delhi,1908,689.0
Delhi,1909,769.3
Delhi,1910,605.2
Delhi,1911,509.7
Delhi,1912,529.3
Delhi,1913,508.4
Delhi,1914,664.7
Delhi,1915,422.4
Delhi,1916,629.1
Delhi,1917,986.7
Delhi,1918,234.7
Delhi,1919,553.7
Delhi,1920,368.8
Delhi,1921,446.5
Delhi,1922,552.9
Delhi,1923,581.5
Delhi,1924,654.8
Delhi,1925,557.2
Delhi,1926,615.9
Delhi,1927,502.5
Delhi,1928,388.2
Delhi,1929,306.6
Delhi,1930,500.5
Delhi,1931,519.2
Delhi,1932,440.1
Delhi,1933,856.9
Delhi,1934,501.4
Delhi,1935,568.3
Delhi,1936,511.1
Delhi,1937,481.7
Delhi,1938,278.8
Delhi,1939,310.2
Delhi,1940,395.7
Delhi,1941,363.9
Delhi,1942,804.5
Delhi,1943,407.9
Delhi,1944,484.2
Delhi,1945,654.6
Delhi,1946,437.8
Delhi,1947,464.5
Delhi,1948,592.1
Delhi,1949,485.3
Delhi,1950,551.1
Delhi,1951,338.2
Delhi,1952,556.3
Delhi,1953,561.9
Delhi,1954,537.0
Delhi,1955,694.1
Delhi,1956,653.8
Delhi,1957,617.2
Delhi,1958,673.0
Delhi,1959,484.9
Delhi,1960,722.9
Delhi,1961,627.9
Delhi,1962,511.0
Delhi,1963,521.8
Delhi,1964,710.9
Delhi,1965,381.9
Delhi,1966,707.7
Delhi,1967,839.9
Delhi,1968,388.3
Delhi,1969,477.2
Delhi,1970,538.2
Delhi,1971,636.8
Delhi,1972,440.8
Delhi,1973,527.2
Delhi,1974,384.9
Delhi,1975,622.1
Delhi,1976,726.7
Delhi,1977,740.1
Delhi,1978,651.1
Delhi,1979,341.5
Delhi,1980,513.2
Delhi,1981,493.4
Delhi,1982,506.6
Delhi,1983,744.5
Delhi,1984,479.2
Delhi,1985,572.4
Delhi,1986,450.9
Delhi,1987,318.6
Delhi,1988,845.0
Delhi,1989,416.5
Delhi,1990,703.1
Delhi,1991,393.9
Delhi,1992,429.7
Delhi,1993,523.8
Delhi,1994,564.4
Delhi,1995,819.1
Delhi,1996,644.6
Delhi,1997,668.6
Delhi,1998,685.3
Delhi,1999,344.4
Delhi,2000,384.4
Delhi,2001,485.5
Delhi,2002,357.2
Delhi,2003,597.6
Delhi,2004,487.3
Delhi,2005,519.5
Delhi,2006,330.9
Delhi,2007,446.6
Delhi,2008,710.4
Delhi,2009,395.4
Delhi,2010,640.5
Delhi,2011,512.0
Delhi,2012,391.4
Delhi,2013,461.2
Delhi,2014,305.5
Delhi,2015,435.3
Delhi,2016,398.7
Delhi,2017,421.6
Goa,1901,2792.9
Goa,1902,2673.9
Goa,1903,3084.3
Goa,1904,2393.7
Goa,1905,1682.8
Goa,1906,2418.9
Goa,1907,2766.6
Goa,1908,2735.5
Goa,1909,2860.5
Goa,1910,2544.0
Goa,1911,2134.7
Goa,1912,2793.3
Goa,1913,2617.4
Goa,1914,3464.6
Goa,1915,2525.8
Goa,1916,3402.6
Goa,1917,3430.9
Goa,1918,1867.3
Goa,1919,2851.7
Goa,1920,1924.1
Goa,1921,2899.2
Goa,1922,2817.5
Goa,1923,2770.5
Goa,1924,2444.3
Goa,1925,2305.1
Goa,1926,3165.9
Goa,1927,2747.0
Goa,1928,3172.4
Goa,1929,2509.4
Goa,1930,2845.7
Goa,1931,3999.3
Goa,1932,2962.9
Goa,1933,3343.4
Goa,1934,3272.3
Goa,1935,2542.7
Goa,1936,2783.4
Goa,1937,3192.0
Goa,1938,3495.5
Goa,1939,2758.6
Goa,1940,3313.7
Goa,1941,1889.6
Goa,1942,3279.5
Goa,1943,3251.3
Goa,1944,2952.1
Goa,1945,3244.5
Goa,1946,3358.9
Goa,1947,3090.1
Goa,1948,3119.8
Goa,1949,3213.7
Goa,1950,2929.2
Goa,1951,2849.4
Goa,1952,2522.0
Goa,1953,3327.8
Goa,1954,3790.3
Goa,1955,3897.5
Goa,1956,3663.7
Goa,1957,3123.5
Goa,1958,4000.2
Goa,1959,3588.6
Goa,1960,3027.7
Goa,1961,3921.0
Goa,1962,3485.1
Goa,1963,3606.8
Goa,1964,3192.7
Goa,1965,3071.5
Goa,1966,2427.5
Goa,1967,2752.3
Goa,1968,2359.4
Goa,1969,3127.4
Goa,1970,3596.6
Goa,1971,2754.0
Goa,1972,1873.0
Goa,1973,2836.3
Goa,1974,3086.7
Goa,1975,3515.4
Goa,1976,3063.0
Goa,1977,3103.3
Goa,1978,2885.6
Goa,1979,2509.2
Goa,1980,2724.3
Goa,1981,3124.7
Goa,1982,2698.9
Goa,1983,3814.5
Goa,1984,2583.6
Goa,1985,2968.5
Goa,1986,2127.7
Goa,1987,2635.0
Goa,1988,3293.0
Goa,1989,2771.5
Goa,1990,3568.0
Goa,1991,2954.6
Goa,1992,2840.4
Goa,1993,3480.9
Goa,1994,3179.8
Goa,1995,2766.0
Goa,1996,2920.7
Goa,1997,3027.2
Goa,1998,3234.7
Goa,1999,2912.1
Goa,2000,3133.2
Goa,2001,2395.4
Goa,2002,2537.2
Goa,2003,2842.3
Goa,2004,2985.9
Goa,2005,3615.7
Goa,2006,3482.2
Goa,2007,3468.5
Goa,2008,3053.1
Goa,2009,2716.6
Goa,2010,3778.1
Goa,2011,3825.2
Goa,2012,3018.4
Goa,2013,3524.0
Goa,2014,2757.5
Goa,2015,2082.0
Goa,2016,3663.9
Goa,2017,3443.4
Gujarat,1901,367.79999999999995
Gujarat,1902,632.5
Gujarat,1903,705.2
Gujarat,1904,339.1
Gujarat,1905,550.75
Gujarat,1906,715.45
Gujarat,1907,753.3
Gujarat,1908,777.7
Gujarat,1909,782.0999999999999
Gujarat,1910,762.1500000000001
Gujarat,1911,271.95
Gujarat,1912,885.55
Gujarat,1913,957.25
Gujarat,1914,842.3
Gujarat,1915,406.54999999999995
Gujarat,1916,724.4
Gujarat,1917,1205.8000000000002
Gujarat,1918,255.10000000000002
Gujarat,1919,756.25
Gujarat,1920,599.5
Gujarat,1921,885.45
Gujarat,1922,606.8
Gujarat,1923,379.1
Gujarat,1924,610.15
Gujarat,1925,466.85
Gujarat,1926,1087.95
Gujarat,1927,1030.8
Gujarat,1928,623.9
Gujarat,1929,549.05
Gujarat,1930,672.45
Gujarat,1931,717.15
Gujarat,1932,699.55
Gujarat,1933,947.5
Gujarat,1934,689.0
Gujarat,1935,640.5
Gujarat,1936,490.2
Gujarat,1937,868.3499999999999
Gujarat,1938,580.45
Gujarat,1939,392.5
Gujarat,1940,613.3
Gujarat,1941,681.8
Gujarat,1942,764.5
Gujarat,1943,719.7
Gujarat,1944,1029.1
Gujarat,1945,955.05
Gujarat,1946,810.55
Gujarat,1947,671.0999999999999
Gujarat,1948,360.79999999999995
Gujarat,1949,671.3
Gujarat,1950,801.45
Gujarat,1951,381.75
Gujarat,1952,588.7
Gujarat,1953,881.05
Gujarat,1954,923.9
Gujarat,1955,680.4000000000001
Gujarat,1956,1052.85
Gujarat,1957,523.15
Gujarat,1958,837.3499999999999
Gujarat,1959,1290.8
Gujarat,1960,493.4
Gujarat,1961,849.0
Gujarat,1962,572.4
Gujarat,1963,688.5
Gujarat,1964,716.1
Gujarat,1965,539.0
Gujarat,1966,511.6
Gujarat,1967,838.6500000000001
Gujarat,1968,491.3
Gujarat,1969,539.5
Gujarat,1970,1094.8
Gujarat,1971,641.4000000000001
Gujarat,1972,362.95
Gujarat,1973,774.9499999999999
Gujarat,1974,303.0
Gujarat,1975,937.4000000000001
Gujarat,1976,1122.8
Gujarat,1977,935.9000000000001
Gujarat,1978,712.2
Gujarat,1979,929.95
Gujarat,1980,728.9
Gujarat,1981,909.6
Gujarat,1982,579.8
Gujarat,1983,986.1500000000001
Gujarat,1984,648.65
Gujarat,1985,444.25
Gujarat,1986,400.15
Gujarat,1987,247.29999999999998
Gujarat,1988,924.85
Gujarat,1989,660.5
Gujarat,1990,763.1500000000001
Gujarat,1991,445.70000000000005
Gujarat,1992,750.9000000000001
Gujarat,1993,627.05
Gujarat,1994,1203.65
Gujarat,1995,529.2
Gujarat,1996,638.5999999999999
Gujarat,1997,834.5500000000001
Gujarat,1998,818.45
Gujarat,1999,474.54999999999995
Gujarat,2000,418.35
Gujarat,2001,679.6
Gujarat,2002,472.65000000000003
Gujarat,2003,923.25
Gujarat,2004,744.0
Gujarat,2005,974.0
Gujarat,2006,1089.9
Gujarat,2007,1034.8000000000002
Gujarat,2008,759.5
Gujarat,2009,619.25
Gujarat,2010,1104.3000000000002
Gujarat,2011,816.5
Gujarat,2012,518.9
Gujarat,2013,900.1999999999999
Gujarat,2014,544.8
Gujarat,2015,532.3
Gujarat,2016,623.9
Gujarat,2017,838.25
Haryana,1901,390.1
Haryana,1902,419.8
Haryana,1903,428.9
Haryana,1904,527.8
Haryana,1905,322.9
Haryana,1906,593.6
Haryana,1907,443.9
Haryana,1908,689.0
Haryana,1909,769.3
Haryana,1910,605.2
Haryana,1911,509.7
Haryana,1912,529.3
Haryana,1913,508.4
Haryana,1914,664.7
Haryana,1915,422.4
Haryana,1916,629.1
Haryana,1917,986.7
Haryana,1918,234.7
Haryana,1919,553.7
Haryana,1920,368.8
Haryana,1921,446.5
Haryana,1922,552.9
Haryana,1923,581.5
Haryana,1924,654.8
Haryana,1925,557.2
Haryana,1926,615.9
Haryana,1927,502.5
Haryana,1928,388.2
Haryana,1929,306.6
Haryana,1930,500.5
Haryana,1931,519.2
Haryana,1932,440.1
Haryana,1933,856.9
Haryana,1934,501.4
Haryana,1935,568.3
Haryana,1936,511.1
Haryana,1937,481.7
Haryana,1938,278.8
Haryana,1939,310.2
Haryana,1940,395.7
Haryana,1941,363.9
Haryana,1942,804.5
Haryana,1943,407.9
Haryana,1944,484.2
Haryana,1945,654.6
Haryana,1946,437.8
Haryana,1947,464.5
Haryana,1948,592.1
Haryana,1949,485.3
Haryana,1950,551.1
Haryana,1951,338.2
Haryana,1952,556.3
Haryana,1953,561.9
Haryana,1954,537.0
Haryana,1955,694.1
Haryana,1956,653.8
Haryana,1957,617.2
Haryana,1958,673.0
Haryana,1959,484.9
Haryana,1960,722.9
Haryana,1961,627.9
Haryana,1962,511.0
Haryana,1963,521.8
Haryana,1964,710.9
Haryana,1965,381.9
Haryana,1966,707.7
Haryana,1967,839.9
Haryana,1968,388.3
Haryana,1969,477.2
Haryana,1970,538.2
Haryana,1971,636.8
Haryana,1972,440.8
Haryana,1973,527.2
Haryana,1974,384.9
Haryana,1975,622.1
Haryana,1976,726.7
Haryana,1977,740.1
Haryana,1978,651.1
Haryana,1979,341.5
Haryana,1980,513.2
Haryana,1981,493.4
Haryana,1982,506.6
Haryana,1983,744.5
Haryana,1984,479.2
Haryana,1985,572.4
Haryana,1986,450.9
Haryana,1987,318.6
Haryana,1988,845.0
Haryana,1989,416.5
Haryana,1990,703.1
Haryana,1991,393.9
Haryana,1992,429.7
Haryana,1993,523.8
Haryana,1994,564.4
Haryana,1995,819.1
Haryana,1996,644.6
Haryana,1997,668.6
Haryana,1998,685.3
Haryana,1999,344.4
Haryana,2000,384.4
Haryana,2001,485.5
Haryana,2002,357.2
Haryana,2003,597.6
Haryana,2004,487.3
Haryana,2005,519.5
Haryana,2006,330.9
Haryana,2007,446.6
Haryana,2008,710.4
Haryana,2009,395.4
Haryana,2010,640.5
Haryana,2011,512.0
Haryana,2012,391.4
Haryana,2013,461.2
Haryana,2014,305.5
Haryana,2015,435.3
Haryana,2016,398.7
Haryana,2017,421.6
Himachal Pradesh,1901,1345.1
Himachal Pradesh,1902,951.6
Himachal Pradesh,1903,993.3
Himachal Pradesh,1904,987.6
Himachal Pradesh,1905,930.2
Himachal Pradesh,1906,1317.5
Himachal Pradesh,1907,875.4
Himachal Pradesh,1908,987.6
Himachal Pradesh,1909,1077.0
Himachal Pradesh,1910,1406.9
Himachal Pradesh,1911,1333.8
Himachal Pradesh,1912,1207.6
Himachal Pradesh,1913,1119.3
Himachal Pradesh,1914,1735.9
Himachal Pradesh,1915,1236.8
Himachal Pradesh,1916,1172.1
Himachal Pradesh,1917,1703.6
Himachal Pradesh,1918,984.7
Himachal Pradesh,1919,1213.1
Himachal Pradesh,1920,1084.8
Himachal Pradesh,1921,1311.2
Himachal Pradesh,1922,1718.6
Himachal Pradesh,1923,1620.9
Himachal Pradesh,1924,1660.7
Himachal Pradesh,1925,1509.3
Himachal Pradesh,1926,1450.0
Himachal Pradesh,1927,1435.0
Himachal Pradesh,1928,1308.9
Himachal Pradesh,1929,1424.7
Himachal Pradesh,1930,1305.5
Himachal Pradesh,1931,1266.3
Himachal Pradesh,1932,1418.9
Himachal Pradesh,1933,1240.4
Himachal Pradesh,1934,982.1
Himachal Pradesh,1935,1027.9
Himachal Pradesh,1936,1158.0
Himachal Pradesh,1937,1465.0
Himachal Pradesh,1938,927.5
Himachal Pradesh,1939,877.8
Himachal Pradesh,1940,1088.6
Himachal Pradesh,1941,895.5
Himachal Pradesh,1942,1328.3
Himachal Pradesh,1943,1223.1
Himachal Pradesh,1944,1128.8
Himachal Pradesh,1945,1646.9
Himachal Pradesh,1946,1539.0
Himachal Pradesh,1947,1313.2
Himachal Pradesh,1948,1758.7
Himachal Pradesh,1949,1310.9
Himachal Pradesh,1950,1684.4
Himachal Pradesh,1951,1238.5
Himachal Pradesh,1952,1263.7
Himachal Pradesh,1953,1425.7
Himachal Pradesh,1954,1717.6
Himachal Pradesh,1955,1919.2
Himachal Pradesh,1956,1541.6
Himachal Pradesh,1957,1822.7
Himachal Pradesh,1958,1572.3
Himachal Pradesh,1959,1640.3
Himachal Pradesh,1960,1115.1
Himachal Pradesh,1961,1515.5
Himachal Pradesh,1962,1393.5
Himachal Pradesh,1963,1354.5
Himachal Pradesh,1964,1354.1
Himachal Pradesh,1965,1220.4
Himachal Pradesh,1966,1371.0
Himachal Pradesh,1967,1558.5
Himachal Pradesh,1968,1168.2
Himachal Pradesh,1969,1127.6
Himachal Pradesh,1970,1082.5
Himachal Pradesh,1971,1275.1
Himachal Pradesh,1972,842.3
Himachal Pradesh,1973,955.2
Himachal Pradesh,1974,776.1
Himachal Pradesh,1975,1054.1
Himachal Pradesh,1976,1179.3
Himachal Pradesh,1977,1245.0
Himachal Pradesh,1978,1371.2
Himachal Pradesh,1979,1021.0
Himachal Pradesh,1980,1155.0
Himachal Pradesh,1981,1147.1
Himachal Pradesh,1982,1423.0
Himachal Pradesh,1983,1189.6
Himachal Pradesh,1984,968.3
Himachal Pradesh,1985,1193.9
Himachal Pradesh,1986,1322.6
Himachal Pradesh,1987,1035.6
Himachal Pradesh,1988,1881.1
Himachal Pradesh,1989,1177.2
Himachal Pradesh,1990,1462.7
Himachal Pradesh,1991,1104.8
Himachal Pradesh,1992,1383.1
Himachal Pradesh,1993,1128.3
Himachal Pradesh,1994,1410.2
Himachal Pradesh,1995,1493.9
Himachal Pradesh,1996,1384.4
Himachal Pradesh,1997,1454.5
Himachal Pradesh,1998,1381.6
Himachal Pradesh,1999,1144.9
Himachal Pradesh,2000,1068.4
Himachal Pradesh,2001,991.8
Himachal Pradesh,2002,990.4
Himachal Pradesh,2003,1034.5
Himachal Pradesh,2004,878.5
Himachal Pradesh,2005,1248.5
Himachal Pradesh,2006,1218.4
Himachal Pradesh,2007,1034.5
Himachal Pradesh,2008,1114.2
Himachal Pradesh,2009,956.5
Himachal Pradesh,2010,1259.4
Himachal Pradesh,2011,1108.3
Himachal Pradesh,2012,951.6
Himachal Pradesh,2013,1211.9
Himachal Pradesh,2014,1008.7
Himachal Pradesh,2015,1210.5
Himachal Pradesh,2016,921.5
Himachal Pradesh,2017,1182.2
Jammu & Kashmir,1901,979.9
Jammu & Kashmir,1902,760.5
Jammu & Kashmir,1903,1286.6
Jammu & Kashmir,1904,982.2
Jammu & Kashmir,1905,1157.7
Jammu & Kashmir,1906,1193.1
Jammu & Kashmir,1907,1069.6
Jammu & Kashmir,1908,1227.3
Jammu & Kashmir,1909,1339.9
Jammu & Kashmir,1910,1109.4
Jammu & Kashmir,1911,1280.2
Jammu & Kashmir,1912,936.7
Jammu & Kashmir,1913,1000.2
Jammu & Kashmir,1914,1692.1
Jammu & Kashmir,1915,963.9
Jammu & Kashmir,1916,1034.3
Jammu & Kashmir,1917,1386.1
Jammu & Kashmir,1918,916.5
Jammu & Kashmir,1919,1189.2
Jammu & Kashmir,1920,889.9
Jammu & Kashmir,1921,1057.6
Jammu & Kashmir,1922,890.8
Jammu & Kashmir,1923,1264.3
Jammu & Kashmir,1924,1182.2
Jammu & Kashmir,1925,1013.3
Jammu & Kashmir,1926,1123.6
Jammu & Kashmir,1927,973.1
Jammu & Kashmir,1928,1291.0
Jammu & Kashmir,1929,1102.7
Jammu & Kashmir,1930,1168.0
Jammu & Kashmir,1931,955.0
Jammu & Kashmir,1932,1039.4
Jammu & Kashmir,1933,1187.7
Jammu & Kashmir,1934,803.1
Jammu & Kashmir,1935,1085.5
Jammu & Kashmir,1936,1140.8
Jammu & Kashmir,1937,939.6
Jammu & Kashmir,1938,1061.7
Jammu & Kashmir,1939,1003.5
Jammu & Kashmir,1940,878.3
Jammu & Kashmir,1941,871.6
Jammu & Kashmir,1942,1239.8
Jammu & Kashmir,1943,1167.7
Jammu & Kashmir,1944,1051.0
Jammu & Kashmir,1945,856.2
Jammu & Kashmir,1946,922.3
Jammu & Kashmir,1947,914.0
Jammu & Kashmir,1948,1183.1
Jammu & Kashmir,1949,946.9
Jammu & Kashmir,1950,1523.1
Jammu & Kashmir,1951,963.0
Jammu & Kashmir,1952,1069.6
Jammu & Kashmir,1953,1229.6
Jammu & Kashmir,1954,1307.1
Jammu & Kashmir,1955,1156.4
Jammu & Kashmir,1956,1520.8
Jammu & Kashmir,1957,1520.3
Jammu & Kashmir,1958,1350.4
Jammu & Kashmir,1959,1550.3
Jammu & Kashmir,1960,766.4
Jammu & Kashmir,1961,1138.2
Jammu & Kashmir,1962,930.3
Jammu & Kashmir,1963,909.2
Jammu & Kashmir,1964,946.2
Jammu & Kashmir,1965,912.6
Jammu & Kashmir,1966,1378.9
Jammu & Kashmir,1967,1091.3
Jammu & Kashmir,1968,1065.6
Jammu & Kashmir,1969,1095.6
Jammu & Kashmir,1970,657.0
Jammu & Kashmir,1971,764.7
Jammu & Kashmir,1972,1145.6
Jammu & Kashmir,1973,1100.5
Jammu & Kashmir,1974,802.6
Jammu & Kashmir,1975,1180.4
Jammu & Kashmir,1976,1023.7
Jammu & Kashmir,1977,955.0
Jammu & Kashmir,1978,1061.6
Jammu & Kashmir,1979,1077.4
Jammu & Kashmir,1980,1017.9
Jammu & Kashmir,1981,1135.5
Jammu & Kashmir,1982,1202.2
Jammu & Kashmir,1983,1485.2
Jammu & Kashmir,1984,1157.4
Jammu & Kashmir,1985,1167.1
Jammu & Kashmir,1986,1521.0
Jammu & Kashmir,1987,1216.0
Jammu & Kashmir,1988,1670.9
Jammu & Kashmir,1989,1216.0
Jammu & Kashmir,1990,1574.0
Jammu & Kashmir,1991,1448.8
Jammu & Kashmir,1992,1478.1
Jammu & Kashmir,1993,1243.8
Jammu & Kashmir,1994,1732.5
Jammu & Kashmir,1995,1619.6
Jammu & Kashmir,1996,1620.4
Jammu & Kashmir,1997,1295.9
Jammu & Kashmir,1998,1325.9
Jammu & Kashmir,1999,890.3
Jammu & Kashmir,2000,984.6
Jammu & Kashmir,2001,952.7
Jammu & Kashmir,2002,903.5
Jammu & Kashmir,2003,1311.1
Jammu & Kashmir,2004,944.9
Jammu & Kashmir,2005,1692.7
Jammu & Kashmir,2006,1519.8
Jammu & Kashmir,2007,1023.5
Jammu & Kashmir,2008,1224.5
Jammu & Kashmir,2009,
Jammu & Kashmir,2010,997.9
Jammu & Kashmir,2011,887.6
Jammu & Kashmir,2012,1034.7
Jammu & Kashmir,2013,859.3
Jammu & Kashmir,2014,1093.4
Jammu & Kashmir,2015,1572.8
Jammu & Kashmir,2016,902.8
Jammu & Kashmir,2017,1278.9
Jharkhand,1901,1274.5
Jharkhand,1902,1197.6
Jharkhand,1903,1174.3
Jharkhand,1904,1480.7
Jharkhand,1905,1354.7
Jharkhand,1906,1314.3
Jharkhand,1907,1455.7
Jharkhand,1908,1214.2
Jharkhand,1909,1447.9
Jharkhand,1910,1297.6
Jharkhand,1911,1475.4
Jharkhand,1912,1142.9
Jharkhand,1913,1585.6
Jharkhand,1914,1215.5
Jharkhand,1915,1102.3
Jharkhand,1916,1364.3
Jharkhand,1917,1724.4
Jharkhand,1918,1162.6
Jharkhand,1919,1633.5
Jharkhand,1920,1415.0
Jharkhand,1921,1233.8
Jharkhand,1922,1443.2
Jharkhand,1923,1431.9
Jharkhand,1924,1431.8
Jharkhand,1925,1327.6
Jharkhand,1926,1478.4
Jharkhand,1927,1283.1
Jharkhand,1928,1384.0
Jharkhand,1929,1611.5
Jharkhand,1930,1434.0
Jharkhand,1931,1350.4
Jharkhand,1932,1193.8
Jharkhand,1933,1535.6
Jharkhand,1934,1197.4
Jharkhand,1935,1151.6
Jharkhand,1936,1664.3
Jharkhand,1937,1450.6
Jharkhand,1938,1229.8
Jharkhand,1939,1519.7
Jharkhand,1940,1231.9
Jharkhand,1941,1513.5
Jharkhand,1942,1589.0
Jharkhand,1943,1556.1
Jharkhand,1944,1386.3
Jharkhand,1945,1308.7
Jharkhand,1946,1553.2
Jharkhand,1947,1234.5
Jharkhand,1948,1402.6
Jharkhand,1949,1436.7
Jharkhand,1950,1393.0
Jharkhand,1951,1071.7
Jharkhand,1952,1387.4
Jharkhand,1953,1509.4
Jharkhand,1954,1059.5
Jharkhand,1955,1080.8
Jharkhand,1956,1555.7
Jharkhand,1957,1377.5
Jharkhand,1958,1180.5
Jharkhand,1959,1599.9
Jharkhand,1960,1248.8
Jharkhand,1961,1560.5
Jharkhand,1962,1047.7
Jharkhand,1963,1315.0
Jharkhand,1964,1150.3
Jharkhand,1965,1012.4
Jharkhand,1966,879.8
Jharkhand,1967,1225.3
Jharkhand,1968,1293.4
Jharkhand,1969,1158.1
Jharkhand,1970,1291.5
Jharkhand,1971,1898.6
Jharkhand,1972,996.1
Jharkhand,1973,1441.0
Jharkhand,1974,1127.0
Jharkhand,1975,1361.3
Jharkhand,1976,1191.8
Jharkhand,1977,1521.5
Jharkhand,1978,1556.1
Jharkhand,1979,882.8
Jharkhand,1980,1340.6
Jharkhand,1981,1167.2
Jharkhand,1982,1085.3
Jharkhand,1983,1261.7
Jharkhand,1984,1529.9
Jharkhand,1985,1240.3
Jharkhand,1986,1335.6
Jharkhand,1987,1332.7
Jharkhand,1988,1153.7
Jharkhand,1989,1149.0
Jharkhand,1990,1404.2
Jharkhand,1991,1250.9
Jharkhand,1992,933.0
Jharkhand,1993,1204.0
Jharkhand,1994,1579.4
Jharkhand,1995,1366.5
Jharkhand,1996,1191.7
Jharkhand,1997,1461.3
Jharkhand,1998,1353.8
Jharkhand,1999,1586.9
Jharkhand,2000,1191.5
Jharkhand,2001,1254.4
Jharkhand,2002,1034.9
Jharkhand,2003,1245.0
Jharkhand,2004,1136.6
Jharkhand,2005,960.4
Jharkhand,2006,1459.5
Jharkhand,2007,1437.3
Jharkhand,2008,1325.3
Jharkhand,2009,996.1
Jharkhand,2010,697.1
Jharkhand,2011,1374.7
Jharkhand,2012,1065.0
Jharkhand,2013,1253.6
Jharkhand,2014,1156.6
Jharkhand,2015,1081.8
Jharkhand,2016,1264.0
Jharkhand,2017,1165.8
Karnataka,1901,1610.9666666666665
Karnataka,1902,1811.8
Karnataka,1903,1838.6000000000001
Karnataka,1904,1521.8333333333333
Karnataka,1905,1305.9666666666667
Karnataka,1906,1541.4333333333334
Karnataka,1907,1760.1333333333332
Karnataka,1908,1680.2666666666667
Karnataka,1909,1645.3666666666668
Karnataka,1910,1645.8333333333333
Karnataka,1911,1312.8666666666668
Karnataka,1912,1768.2666666666667
Karnataka,1913,1428.3333333333333
Karnataka,1914,1874.7333333333333
Karnataka,1915,1477.9666666666665
Karnataka,1916,1928.8333333333333
Karnataka,1917,1780.7333333333333
Karnataka,1918,1257.3999999999999
Karnataka,1919,1552.2
Karnataka,1920,1362.8
Karnataka,1921,1525.4333333333334
Karnataka,1922,1579.5666666666666
Karnataka,1923,1758.1333333333332
Karnataka,1924,1749.0333333333335
Karnataka,1925,1735.3666666666668
Karnataka,1926,1478.1333333333332
Karnataka,1927,1586.9666666666665
Karnataka,1928,1686.2
Karnataka,1929,1765.5
Karnataka,1930,1513.0
Karnataka,1931,1858.0666666666666
Karnataka,1932,1834.1000000000001
Karnataka,1933,2138.6666666666665
Karnataka,1934,1463.1000000000001
Karnataka,1935,1518.4666666666665
Karnataka,1936,1615.9333333333334
Karnataka,1937,1592.6000000000001
Karnataka,1938,1612.4666666666665
Karnataka,1939,1474.2333333333333
Karnataka,1940,1880.2333333333333
Karnataka,1941,1329.4666666666667
Karnataka,1942,1673.7333333333333
Karnataka,1943,1864.5
Karnataka,1944,1577.4333333333334
Karnataka,1945,1471.8666666666668
Karnataka,1946,2031.7666666666667
Karnataka,1947,1694.2
Karnataka,1948,1826.3333333333333
Karnataka,1949,1667.3666666666668
Karnataka,1950,1809.7
Karnataka,1951,1586.0
Karnataka,1952,1465.6333333333332
Karnataka,1953,1870.1333333333334
Karnataka,1954,1845.3
Karnataka,1955,1840.5333333333335
Karnataka,1956,2046.4333333333334
Karnataka,1957,1692.4333333333334
Karnataka,1958,1883.1333333333332
Karnataka,1959,2103.4
Karnataka,1960,1728.5666666666666
Karnataka,1961,2570.6666666666665
Karnataka,1962,2054.6666666666665
Karnataka,1963,1649.0666666666666
Karnataka,1964,1736.5666666666666
Karnataka,1965,1399.7333333333333
Karnataka,1966,1570.3666666666668
Karnataka,1967,1589.2666666666667
Karnataka,1968,1729.7666666666667
Karnataka,1969,1726.1666666666667
Karnataka,1970,1968.8666666666668
Karnataka,1971,1622.5
Karnataka,1972,1473.4333333333334
Karnataka,1973,1654.4666666666665
Karnataka,1974,1767.4333333333334
Karnataka,1975,2242.6666666666665
Karnataka,1976,1418.8
Karnataka,1977,1812.2333333333333
Karnataka,1978,1999.8
Karnataka,1979,1635.8
Karnataka,1980,1892.8999999999999
Karnataka,1981,1970.1666666666667
Karnataka,1982,1925.2666666666667
Karnataka,1983,1943.7666666666664
Karnataka,1984,1680.3333333333333
Karnataka,1985,1458.7333333333333
Karnataka,1986,1528.3666666666668
Karnataka,1987,1466.1000000000001
Karnataka,1988,1761.3999999999999
Karnataka,1989,1601.7666666666667
Karnataka,1990,1895.9666666666665
Karnataka,1991,1886.9666666666665
Karnataka,1992,1917.1666666666667
Karnataka,1993,1750.3999999999999
Karnataka,1994,2145.7000000000003
Karnataka,1995,1634.4333333333334
Karnataka,1996,1681.5666666666666
Karnataka,1997,2076.4
Karnataka,1998,1891.2333333333333
Karnataka,1999,1863.4333333333334
Karnataka,2000,1756.9666666666665
Karnataka,2001,1545.3
Karnataka,2002,1359.8
Karnataka,2003,1436.0666666666666
Karnataka,2004,1615.1000000000001
Karnataka,2005,1865.8999999999999
Karnataka,2006,1839.4666666666665
Karnataka,2007,1976.0333333333335
Karnataka,2008,1686.4666666666665
Karnataka,2009,1977.9666666666665
Karnataka,2010,1926.5666666666668
Karnataka,2011,1883.7333333333333
Karnataka,2012,730.8
Karnataka,2013,2021.0999999999997
Karnataka,2014,1875.1333333333332
Karnataka,2015,1590.1333333333332
Karnataka,2016,1310.6666666666667
Karnataka,2017,1582.9666666666665
Kerala,1901,3248.6
Kerala,1902,3326.6
Kerala,1903,3271.2
Kerala,1904,3129.7
Kerala,1905,2741.6
Kerala,1906,2708.0
Kerala,1907,3671.1
Kerala,1908,2648.3
Kerala,1909,3050.2
Kerala,1910,2848.6
Kerala,1911,2726.7
Kerala,1912,3451.3
Kerala,1913,2610.8
Kerala,1914,2899.1
Kerala,1915,3024.5
Kerala,1916,2945.3
Kerala,1917,2704.8
Kerala,1918,2501.9
Kerala,1919,3003.3
Kerala,1920,3303.1
Kerala,1921,2719.9
Kerala,1922,3267.6
Kerala,1923,3484.7
Kerala,1924,4226.4
Kerala,1925,3062.1
Kerala,1926,2965.4
Kerala,1927,2994.7
Kerala,1928,2502.8
Kerala,1929,3361.6
Kerala,1930,3018.0
Kerala,1931,3259.6
Kerala,1932,3403.0
Kerala,1933,4072.9
Kerala,1934,2410.7
Kerala,1935,2498.2
Kerala,1936,3043.3
Kerala,1937,2818.2
Kerala,1938,2634.1
Kerala,1939,2937.5
Kerala,1940,3117.8
Kerala,1941,3111.1
Kerala,1942,3050.9
Kerala,1943,3464.2
Kerala,1944,2490.0
Kerala,1945,2432.4
Kerala,1946,3565.5
Kerala,1947,2998.1
Kerala,1948,3039.2
Kerala,1949,2942.6
Kerala,1950,3146.6
Kerala,1951,2705.5
Kerala,1952,2334.8
Kerala,1953,2544.9
Kerala,1954,2938.0
Kerala,1955,3134.7
Kerala,1956,2798.4
Kerala,1957,3103.3
Kerala,1958,2923.1
Kerala,1959,3746.0
Kerala,1960,3385.5
Kerala,1961,4257.8
Kerala,1962,3375.8
Kerala,1963,2651.1
Kerala,1964,2869.1
Kerala,1965,2342.4
Kerala,1966,2621.7
Kerala,1967,2569.1
Kerala,1968,3392.7
Kerala,1969,2665.0
Kerala,1970,2703.5
Kerala,1971,3076.8
Kerala,1972,2739.4
Kerala,1973,2412.5
Kerala,1974,2767.4
Kerala,1975,3498.4
Kerala,1976,2068.8
Kerala,1977,3047.6
Kerala,1978,3176.7
Kerala,1979,2503.0
Kerala,1980,2803.4
Kerala,1981,3005.9
Kerala,1982,2223.3
Kerala,1983,2320.3
Kerala,1984,2762.1
Kerala,1985,2390.5
Kerala,1986,2093.2
Kerala,1987,2137.6
Kerala,1988,2403.5
Kerala,1989,2422.7
Kerala,1990,2693.1
Kerala,1991,3184.5
Kerala,1992,3239.5
Kerala,1993,2717.7
Kerala,1994,3410.8
Kerala,1995,2858.8
Kerala,1996,2610.0
Kerala,1997,3252.4
Kerala,1998,3151.5
Kerala,1999,2914.6
Kerala,2000,2412.6
Kerala,2001,2931.1
Kerala,2002,2507.4
Kerala,2003,2394.9
Kerala,2004,2886.1
Kerala,2005,3031.1
Kerala,2006,3420.6
Kerala,2007,3489.6
Kerala,2008,2524.5
Kerala,2009,2810.6
Kerala,2010,3131.8
Kerala,2011,3035.1
Kerala,2012,2151.1
Kerala,2013,3255.4
Kerala,2014,3046.4
Kerala,2015,2600.6
Kerala,2016,1870.9
Kerala,2017,2664.9
Lakshadweep,1901,1459.2
Lakshadweep,1902,2158.8
Lakshadweep,1903,
Lakshadweep,1904,1176.9
Lakshadweep,1905,1574.9
Lakshadweep,1906,1811.6
Lakshadweep,1907,1458.8
Lakshadweep,1908,1959.1
Lakshadweep,1909,1463.5
Lakshadweep,1910,1849.2
Lakshadweep,1911,1687.7
Lakshadweep,1912,1654.9
Lakshadweep,1913,1518.5
Lakshadweep,1914,2034.0
Lakshadweep,1915,1545.5
Lakshadweep,1916,1398.5
Lakshadweep,1917,
Lakshadweep,1919,1926.5
Lakshadweep,1920,
Lakshadweep,1921,
Lakshadweep,1922,1928.5
Lakshadweep,1923,1572.2
Lakshadweep,1924,1972.0
Lakshadweep,1925,1676.9
Lakshadweep,1926,1836.2
Lakshadweep,1927,
Lakshadweep,1928,
Lakshadweep,1929,
Lakshadweep,1930,1258.4
Lakshadweep,1931,
Lakshadweep,1932,1893.7
Lakshadweep,1933,2314.1
Lakshadweep,1934,1087.9
Lakshadweep,1935,1529.2
Lakshadweep,1936,1744.1
Lakshadweep,1937,1443.6
Lakshadweep,1938,1547.6
Lakshadweep,1939,1207.3
Lakshadweep,1940,1406.7
Lakshadweep,1941,1163.4
Lakshadweep,1942,1786.2
Lakshadweep,1943,
Lakshadweep,1944,1668.1
Lakshadweep,1945,1321.3
Lakshadweep,1946,
Lakshadweep,1947,1755.9
Lakshadweep,1948,1325.3
Lakshadweep,1949,
Lakshadweep,1950,1494.1
Lakshadweep,1951,1715.3
Lakshadweep,1952,1124.5
Lakshadweep,1953,1606.2
Lakshadweep,1954,1555.5
Lakshadweep,1955,1548.3
Lakshadweep,1956,1287.4
Lakshadweep,1957,1347.2
Lakshadweep,1958,992.6
Lakshadweep,1959,1583.6
Lakshadweep,1960,1901.8
Lakshadweep,1961,2235.3
Lakshadweep,1962,1586.6
Lakshadweep,1963,1902.1
Lakshadweep,1964,1651.7
Lakshadweep,1965,1405.9
Lakshadweep,1966,1741.5
Lakshadweep,1967,1287.3
Lakshadweep,1968,1344.4
Lakshadweep,1969,1416.1
Lakshadweep,1970,1783.0
Lakshadweep,1971,1901.4
Lakshadweep,1972,1287.6
Lakshadweep,1973,1557.4
Lakshadweep,1974,1511.3
Lakshadweep,1975,1890.5
Lakshadweep,1976,1502.1
Lakshadweep,1977,1848.2
Lakshadweep,1978,1967.4
Lakshadweep,1979,1825.4
Lakshadweep,1980,1211.7
Lakshadweep,1981,1617.4
Lakshadweep,1982,1392.0
Lakshadweep,1983,1403.2
Lakshadweep,1984,1591.6
Lakshadweep,1985,1303.4
Lakshadweep,1986,1465.9
Lakshadweep,1987,1288.6
Lakshadweep,1988,1450.8
Lakshadweep,1989,1714.4
Lakshadweep,1990,1310.5
Lakshadweep,1991,1583.0
Lakshadweep,1992,1534.9
Lakshadweep,1993,1449.7
Lakshadweep,1994,1547.1
Lakshadweep,1995,2030.9
Lakshadweep,1996,1606.0
Lakshadweep,1997,1764.7
Lakshadweep,1998,1986.9
Lakshadweep,1999,1857.3
Lakshadweep,2000,1372.1
Lakshadweep,2001,1380.6
Lakshadweep,2002,1033.5
Lakshadweep,2003,1532.9
Lakshadweep,2004,1553.2
Lakshadweep,2005,1575.4
Lakshadweep,2006,1598.6
Lakshadweep,2007,2361.6
Lakshadweep,2008,1726.8
Lakshadweep,2009,1570.1
Lakshadweep,2010,1725.2
Lakshadweep,2011,1533.7
Lakshadweep,2012,1405.5
Lakshadweep,2013,1426.3
Lakshadweep,2014,1395.0
Lakshadweep,2015,1642.9
Lakshadweep,2016,1065.7
Lakshadweep,2017,1738.9
Madhya Pradesh,1901,1025.45
Madhya Pradesh,1902,947.95
Madhya Pradesh,1903,1063.85
Madhya Pradesh,1904,959.3
Madhya Pradesh,1905,791.25
Madhya Pradesh,1906,1189.95
Madhya Pradesh,1907,830.0
Madhya Pradesh,1908,1131.6
Madhya Pradesh,1909,976.1
Madhya Pradesh,1910,1090.85
Madhya Pradesh,1911,936.8
Madhya Pradesh,1912,978.9499999999999
Madhya Pradesh,1913,863.45
Madhya Pradesh,1914,1043.1999999999998
Madhya Pradesh,1915,1077.5
Madhya Pradesh,1916,1349.7
Madhya Pradesh,1917,1474.3
Madhya Pradesh,1918,719.95
Madhya Pradesh,1919,1489.9499999999998
Madhya Pradesh,1920,807.15
Madhya Pradesh,1921,970.4
Madhya Pradesh,1922,1078.1
Madhya Pradesh,1923,1257.45
Madhya Pradesh,1924,1173.3
Madhya Pradesh,1925,1024.0
Madhya Pradesh,1926,1320.3
Madhya Pradesh,1927,1054.4
Madhya Pradesh,1928,1001.25
Madhya Pradesh,1929,988.0500000000001
Madhya Pradesh,1930,1046.0500000000002
Madhya Pradesh,1931,1236.9
Madhya Pradesh,1932,1069.6
Madhya Pradesh,1933,1290.0
Madhya Pradesh,1934,1319.1
Madhya Pradesh,1935,1075.5
Madhya Pradesh,1936,1202.7
Madhya Pradesh,1937,1225.7
Madhya Pradesh,1938,1187.5
Madhya Pradesh,1939,1074.85
Madhya Pradesh,1940,1128.75
Madhya Pradesh,1941,783.75
Madhya Pradesh,1942,1355.0500000000002
Madhya Pradesh,1943,1172.65
Madhya Pradesh,1944,1387.35
Madhya Pradesh,1945,1166.85
Madhya Pradesh,1946,1372.5
Madhya Pradesh,1947,1242.1
Madhya Pradesh,1948,1339.0
Madhya Pradesh,1949,1100.85
Madhya Pradesh,1950,1041.2
Madhya Pradesh,1951,912.65
Madhya Pradesh,1952,992.2
Madhya Pradesh,1953,900.4000000000001
Madhya Pradesh,1954,1088.7
Madhya Pradesh,1955,1285.1
Madhya Pradesh,1956,1290.8
Madhya Pradesh,1957,916.8499999999999
Madhya Pradesh,1958,1135.65
Madhya Pradesh,1959,1241.9
Madhya Pradesh,1960,1067.15
Madhya Pradesh,1961,1516.25
Madhya Pradesh,1962,987.1500000000001
Madhya Pradesh,1963,1012.75
Madhya Pradesh,1964,1033.7
Madhya Pradesh,1965,646.25
Madhya Pradesh,1966,764.55
Madhya Pradesh,1967,1176.7
Madhya Pradesh,1968,917.4000000000001
Madhya Pradesh,1969,1179.55
Madhya Pradesh,1970,1227.7
Madhya Pradesh,1971,1327.2
Madhya Pradesh,1972,904.3
Madhya Pradesh,1973,1329.6
Madhya Pradesh,1974,923.85
Madhya Pradesh,1975,1249.55
Madhya Pradesh,1976,1041.65
Madhya Pradesh,1977,1187.45
Madhya Pradesh,1978,1197.9499999999998
Madhya Pradesh,1979,795.8499999999999
Madhya Pradesh,1980,1121.55
Madhya Pradesh,1981,963.1
Madhya Pradesh,1982,1115.7
Madhya Pradesh,1983,1173.7
Madhya Pradesh,1984,985.05
Madhya Pradesh,1985,995.0500000000001
Madhya Pradesh,1986,983.1500000000001
Madhya Pradesh,1987,950.0
Madhya Pradesh,1988,1010.3000000000001
Madhya Pradesh,1989,839.7
Madhya Pradesh,1990,1262.0
Madhya Pradesh,1991,881.2
Madhya Pradesh,1992,902.65
Madhya Pradesh,1993,1075.4
Madhya Pradesh,1994,1356.6
Madhya Pradesh,1995,948.5
Madhya Pradesh,1996,1036.0
Madhya Pradesh,1997,1207.6999999999998
Madhya Pradesh,1998,970.15
Madhya Pradesh,1999,1248.3000000000002
Madhya Pradesh,2000,874.2
Madhya Pradesh,2001,978.55
Madhya Pradesh,2002,817.1500000000001
Madhya Pradesh,2003,1192.25
Madhya Pradesh,2004,901.7
Madhya Pradesh,2005,1059.3000000000002
Madhya Pradesh,2006,1056.3
Madhya Pradesh,2007,730.15
Madhya Pradesh,2008,897.1500000000001
Madhya Pradesh,2009,910.45
Madhya Pradesh,2010,868.3499999999999
Madhya Pradesh,2011,1169.5500000000002
Madhya Pradesh,2012,1044.15
Madhya Pradesh,2013,1459.1
Madhya Pradesh,2014,894.9
Madhya Pradesh,2015,990.75
Madhya Pradesh,2016,1219.0
Madhya Pradesh,2017,804.55
Maharashtra,1901,931.15
Maharashtra,1902,766.45
Maharashtra,1903,1033.65
Maharashtra,1904,678.35
Maharashtra,1905,739.8
Maharashtra,1906,967.75
Maharashtra,1907,912.95
Maharashtra,1908,982.7
Maharashtra,1909,908.4
Maharashtra,1910,1104.6
Maharashtra,1911,763.55
Maharashtra,1912,889.45
Maharashtra,1913,892.55
Maharashtra,1914,1119.0
Maharashtra,1915,1053.85
Maharashtra,1916,1217.35
Maharashtra,1917,1167.5500000000002
Maharashtra,1918,619.7
Maharashtra,1919,1045.85
Maharashtra,1920,589.4
Maharashtra,1921,909.9499999999999
Maharashtra,1922,957.5
Maharashtra,1923,811.0999999999999
Maharashtra,1924,871.2
Maharashtra,1925,801.45
Maharashtra,1926,929.0999999999999
Maharashtra,1927,1046.3000000000002
Maharashtra,1928,924.6
Maharashtra,1929,801.45
Maharashtra,1930,956.1
Maharashtra,1931,1268.3000000000002
Maharashtra,1932,1087.8
Maharashtra,1933,1327.35
Maharashtra,1934,1038.3
Maharashtra,1935,988.5
Maharashtra,1936,1093.4
Maharashtra,1937,1116.75
Maharashtra,1938,1293.6
Maharashtra,1939,851.9
Maharashtra,1940,1125.35
Maharashtra,1941,801.5999999999999
Maharashtra,1942,1141.5
Maharashtra,1943,1005.7
Maharashtra,1944,1226.9
Maharashtra,1945,996.4000000000001
Maharashtra,1946,1138.3
Maharashtra,1947,1037.0
Maharashtra,1948,1099.55
Maharashtra,1949,1176.0
Maharashtra,1950,863.05
Maharashtra,1951,939.65
Maharashtra,1952,745.5
Maharashtra,1953,1015.7
Maharashtra,1954,1042.75
Maharashtra,1955,1174.85
Maharashtra,1956,1179.1999999999998
Maharashtra,1957,960.35
Maharashtra,1958,1113.15
Maharashtra,1959,1362.6
Maharashtra,1960,975.45
Maharashtra,1961,1255.65
Maharashtra,1962,1025.8
Maharashtra,1963,1023.8499999999999
Maharashtra,1964,978.2
Maharashtra,1965,767.1500000000001
Maharashtra,1966,920.0999999999999
Maharashtra,1967,1020.7
Maharashtra,1968,873.45
Maharashtra,1969,988.5
Maharashtra,1970,1091.0
Maharashtra,1971,827.8
Maharashtra,1972,630.3499999999999
Maharashtra,1973,1071.5
Maharashtra,1974,876.3
Maharashtra,1975,1182.4
Maharashtra,1976,1000.2
Maharashtra,1977,1007.6
Maharashtra,1978,1066.5
Maharashtra,1979,1057.0
Maharashtra,1980,991.05
Maharashtra,1981,1074.1999999999998
Maharashtra,1982,804.0
Maharashtra,1983,1079.6
Maharashtra,1984,795.25
Maharashtra,1985,766.5
Maharashtra,1986,900.55
Maharashtra,1987,815.1
Maharashtra,1988,1142.65
Maharashtra,1989,907.1500000000001
Maharashtra,1990,1263.75
Maharashtra,1991,859.6
Maharashtra,1992,969.9499999999999
Maharashtra,1993,1021.4
Maharashtra,1994,1224.3
Maharashtra,1995,926.95
Maharashtra,1996,915.1
Maharashtra,1997,1020.0999999999999
Maharashtra,1998,1081.4
Maharashtra,1999,1065.4
Maharashtra,2000,903.4000000000001
Maharashtra,2001,953.5999999999999
Maharashtra,2002,833.05
Maharashtra,2003,895.6
Maharashtra,2004,880.7
Maharashtra,2005,1217.9499999999998
Maharashtra,2006,1305.65
Maharashtra,2007,1103.7
Maharashtra,2008,891.75
Maharashtra,2009,856.25
Maharashtra,2010,1182.8
Maharashtra,2011,872.9000000000001
Maharashtra,2012,898.75
Maharashtra,2013,1241.2
Maharashtra,2014,878.55
Maharashtra,2015,819.15
Maharashtra,2016,1035.05
Maharashtra,2017,898.7
Manipur,1901,2168.4
Manipur,1902,2175.0
Manipur,1903,2230.7
Manipur,1904,2519.8
Manipur,1905,2527.6
Manipur,1906,2514.4
Manipur,1907,2121.7
Manipur,1908,2319.3
Manipur,1909,2308.7
Manipur,1910,2267.9
Manipur,1911,2479.8
Manipur,1912,2308.8
Manipur,1913,2613.2
Manipur,1914,2529.2
Manipur,1915,2819.9
Manipur,1916,2555.0
Manipur,1917,2222.2
Manipur,1918,3013.3
Manipur,1919,2047.9
Manipur,1920,2375.8
Manipur,1921,2638.2
Manipur,1922,2462.6
Manipur,1923,2685.5
Manipur,1924,2701.7
Manipur,1925,2447.5
Manipur,1926,2463.2
Manipur,1927,2887.5
Manipur,1928,2472.4
Manipur,1929,2859.4
Manipur,1930,2487.4
Manipur,1931,2461.1
Manipur,1932,2761.7
Manipur,1933,2451.8
Manipur,1934,3040.8
Manipur,1935,2543.3
Manipur,1936,2917.1
Manipur,1937,2741.6
Manipur,1938,2971.6
Manipur,1939,2608.3
Manipur,1940,2526.7
Manipur,1941,2966.2
Manipur,1942,2680.9
Manipur,1943,2427.9
Manipur,1944,2877.3
Manipur,1945,3051.9
Manipur,1946,3036.2
Manipur,1947,3210.2
Manipur,1948,2822.1
Manipur,1949,2976.3
Manipur,1950,2423.0
Manipur,1951,2609.3
Manipur,1952,2810.9
Manipur,1953,2661.6
Manipur,1954,2905.1
Manipur,1955,2865.0
Manipur,1956,3022.7
Manipur,1957,2303.9
Manipur,1958,1968.6
Manipur,1959,2327.6
Manipur,1960,1799.9
Manipur,1961,1901.2
Manipur,1962,1822.5
Manipur,1963,2970.0
Manipur,1964,2328.7
Manipur,1965,2031.0
Manipur,1966,2478.6
Manipur,1967,2229.9
Manipur,1968,2110.0
Manipur,1969,3610.0
Manipur,1970,4316.2
Manipur,1971,3080.7
Manipur,1972,1353.8
Manipur,1973,2105.8
Manipur,1974,2329.6
Manipur,1975,2209.7
Manipur,1976,2651.4
Manipur,1977,2358.5
Manipur,1978,2150.8
Manipur,1979,1749.2
Manipur,1980,2305.0
Manipur,1981,2072.2
Manipur,1982,2027.5
Manipur,1983,2588.0
Manipur,1984,2454.0
Manipur,1985,2105.3
Manipur,1986,2342.3
Manipur,1987,2361.3
Manipur,1988,2820.2
Manipur,1989,2359.0
Manipur,1990,2582.3
Manipur,1991,2851.9
Manipur,1992,2221.4
Manipur,1993,2881.7
Manipur,1994,1712.5
Manipur,1995,2340.2
Manipur,1996,2194.5
Manipur,1997,2212.0
Manipur,1998,2225.4
Manipur,1999,2233.0
Manipur,2000,2363.9
Manipur,2001,2149.0
Manipur,2002,2242.3
Manipur,2003,2162.2
Manipur,2004,2353.7
Manipur,2005,1836.7
Manipur,2006,1872.0
Manipur,2007,2538.2
Manipur,2008,1748.9
Manipur,2009,1737.7
Manipur,2010,2295.2
Manipur,2011,1892.1
Manipur,2012,1922.9
Manipur,2013,1557.2
Manipur,2014,1599.9
Manipur,2015,1922.4
Manipur,2016,1956.4
Manipur,2017,2805.4
Matathwada,1901,908.7
Matathwada,1902,744.1
Matathwada,1903,1032.6
Matathwada,1904,690.5
Matathwada,1905,505.9
Matathwada,1906,770.7
Matathwada,1907,557.9
Matathwada,1908,682.5
Matathwada,1909,892.7
Matathwada,1910,1134.4
Matathwada,1911,612.4
Matathwada,1912,488.4
Matathwada,1913,656.5
Matathwada,1914,989.1
Matathwada,1915,1001.6
Matathwada,1916,1177.9
Matathwada,1917,1168.3
Matathwada,1918,486.1
Matathwada,1919,662.8
Matathwada,1920,361.2
Matathwada,1921,562.4
Matathwada,1922,836.1
Matathwada,1923,765.0
Matathwada,1924,662.7
Matathwada,1925,604.9
Matathwada,1926,715.5
Matathwada,1927,744.6
Matathwada,1928,825.8
Matathwada,1929,609.4
Matathwada,1930,640.3
Matathwada,1931,1088.6
Matathwada,1932,844.1
Matathwada,1933,1122.9
Matathwada,1934,876.6
Matathwada,1935,922.1
Matathwada,1936,727.8
Matathwada,1937,738.2
Matathwada,1938,1072.7
Matathwada,1939,580.2
Matathwada,1940,855.6
Matathwada,1941,541.0
Matathwada,1942,1003.0
Matathwada,1943,852.4
Matathwada,1944,759.0
Matathwada,1945,622.5
Matathwada,1946,848.7
Matathwada,1947,854.8
Matathwada,1948,946.4
Matathwada,1949,914.2
Matathwada,1950,657.4
Matathwada,1951,731.4
Matathwada,1952,546.1
Matathwada,1953,891.2
Matathwada,1954,899.6
Matathwada,1955,1151.3
Matathwada,1956,1037.3
Matathwada,1957,900.7
Matathwada,1958,1024.6
Matathwada,1959,950.3
Matathwada,1960,738.3
Matathwada,1961,959.0
Matathwada,1962,945.7
Matathwada,1963,1001.2
Matathwada,1964,780.6
Matathwada,1965,631.4
Matathwada,1966,747.1
Matathwada,1967,759.8
Matathwada,1968,712.4
Matathwada,1969,824.6
Matathwada,1970,910.9
Matathwada,1971,607.9
Matathwada,1972,347.1
Matathwada,1973,871.3
Matathwada,1974,650.6
Matathwada,1975,1050.9
Matathwada,1976,623.0
Matathwada,1977,767.7
Matathwada,1978,784.8
Matathwada,1979,807.6
Matathwada,1980,812.9
Matathwada,1981,786.6
Matathwada,1982,636.5
Matathwada,1983,1187.6
Matathwada,1984,552.7
Matathwada,1985,575.4
Matathwada,1986,562.9
Matathwada,1987,786.2
Matathwada,1988,1170.0
Matathwada,1989,1068.3
Matathwada,1990,1198.1
Matathwada,1991,601.0
Matathwada,1992,726.6
Matathwada,1993,806.3
Matathwada,1994,583.8
Matathwada,1995,809.5
Matathwada,1996,855.0
Matathwada,1997,790.5
Matathwada,1998,1126.7
Matathwada,1999,767.6
Matathwada,2000,684.4
Matathwada,2001,732.4
Matathwada,2002,722.1
Matathwada,2003,720.1
Matathwada,2004,678.7
Matathwada,2005,940.5
Matathwada,2006,872.9
Matathwada,2007,714.6
Matathwada,2008,646.3
Matathwada,2009,668.9
Matathwada,2010,1011.6
Matathwada,2011,663.5
Matathwada,2012,526.7
Matathwada,2013,888.0
Matathwada,2014,548.9
Matathwada,2015,532.2
Matathwada,2016,949.0
Matathwada,2017,755.6
Meghalaya,1901,2498.6
Meghalaya,1902,2952.1
Meghalaya,1903,2544.7
Meghalaya,1904,2664.1
Meghalaya,1905,2790.6
Meghalaya,1906,2663.4
Meghalaya,1907,2521.1
Meghalaya,1908,2277.8
Meghalaya,1909,2377.0
Meghalaya,1910,2887.3
Meghalaya,1911,3096.2
Meghalaya,1912,2743.5
Meghalaya,1913,2760.5
Meghalaya,1914,2343.8
Meghalaya,1915,3165.1
Meghalaya,1916,2601.1
Meghalaya,1917,2519.9
Meghalaya,1918,3106.8
Meghalaya,1919,2344.2
Meghalaya,1920,2623.6
Meghalaya,1921,2999.7
Meghalaya,1922,2261.9
Meghalaya,1923,2440.6
Meghalaya,1924,2691.4
Meghalaya,1925,2550.5
Meghalaya,1926,2511.7
Meghalaya,1927,2793.1
Meghalaya,1928,2634.3
Meghalaya,1929,2953.8
Meghalaya,1930,2550.7
Meghalaya,1931,2800.1
Meghalaya,1932,2888.7
Meghalaya,1933,2339.1
Meghalaya,1934,3074.9
Meghalaya,1935,2678.4
Meghalaya,1936,2671.3
Meghalaya,1937,2324.6
Meghalaya,1938,2786.5
Meghalaya,1939,2401.6
Meghalaya,1940,2451.6
Meghalaya,1941,2709.5
Meghalaya,1942,2677.0
Meghalaya,1943,2703.7
Meghalaya,1944,2524.3
Meghalaya,1945,2665.7
Meghalaya,1946,2679.5
Meghalaya,1947,2643.3
Meghalaya,1948,3185.4
Meghalaya,1949,2983.4
Meghalaya,1950,2392.4
Meghalaya,1951,2613.8
Meghalaya,1952,2851.3
Meghalaya,1953,2559.9
Meghalaya,1954,2859.1
Meghalaya,1955,2761.2
Meghalaya,1956,2802.9
Meghalaya,1957,2257.2
Meghalaya,1958,2626.4
Meghalaya,1959,2535.8
Meghalaya,1960,2342.2
Meghalaya,1961,2195.3
Meghalaya,1962,2295.9
Meghalaya,1963,2511.8
Meghalaya,1964,2729.6
Meghalaya,1965,2398.9
Meghalaya,1966,2789.3
Meghalaya,1967,2123.4
Meghalaya,1968,2530.8
Meghalaya,1969,2332.2
Meghalaya,1970,3048.4
Meghalaya,1971,2315.1
Meghalaya,1972,2379.1
Meghalaya,1973,2672.1
Meghalaya,1974,3403.5
Meghalaya,1975,2270.6
Meghalaya,1976,1956.0
Meghalaya,1977,2616.6
Meghalaya,1978,2011.9
Meghalaya,1979,2188.5
Meghalaya,1980,2289.2
Meghalaya,1981,2079.3
Meghalaya,1982,2382.2
Meghalaya,1983,2620.0
Meghalaya,1984,3157.0
Meghalaya,1985,2801.6
Meghalaya,1986,2592.8
Meghalaya,1987,2921.4
Meghalaya,1988,3261.7
Meghalaya,1989,2682.1
Meghalaya,1990,2771.2
Meghalaya,1991,2838.0
Meghalaya,1992,2259.8
Meghalaya,1993,2879.2
Meghalaya,1994,2121.3
Meghalaya,1995,2886.1
Meghalaya,1996,2466.9
Meghalaya,1997,2372.2
Meghalaya,1998,2803.1
Meghalaya,1999,2594.2
Meghalaya,2000,2487.0
Meghalaya,2001,2178.4
Meghalaya,2002,2392.7
Meghalaya,2003,2434.1
Meghalaya,2004,2994.3
Meghalaya,2005,2468.3
Meghalaya,2006,1898.6
Meghalaya,2007,2752.8
Meghalaya,2008,2339.7
Meghalaya,2009,2068.2
Meghalaya,2010,2711.5
Meghalaya,2011,1743.4
Meghalaya,2012,2609.4
Meghalaya,2013,1816.4
Meghalaya,2014,2206.1
Meghalaya,2015,2470.9
Meghalaya,2016,2266.9
Meghalaya,2017,2711.7
Mizoram,1901,2168.4
Mizoram,1902,2175.0
Mizoram,1903,2230.7
Mizoram,1904,2519.8
Mizoram,1905,2527.6
Mizoram,1906,2514.4
Mizoram,1907,2121.7
Mizoram,1908,2319.3
Mizoram,1909,2308.7
Mizoram,1910,2267.9
Mizoram,1911,2479.8
Mizoram,1912,2308.8
Mizoram,1913,2613.2
Mizoram,1914,2529.2
Mizoram,1915,2819.9
Mizoram,1916,2555.0
Mizoram,1917,2222.2
Mizoram,1918,3013.3
Mizoram,1919,2047.9
Mizoram,1920,2375.8
Mizoram,1921,2638.2
Mizoram,1922,2462.6
Mizoram,1923,2685.5
Mizoram,1924,2701.7
Mizoram,1925,2447.5
Mizoram,1926,2463.2
Mizoram,1927,2887.5
Mizoram,1928,2472.4
Mizoram,1929,2859.4
Mizoram,1930,2487.4
Mizoram,1931,2461.1
Mizoram,1932,2761.7
Mizoram,1933,2451.8
Mizoram,1934,3040.8
Mizoram,1935,2543.3
Mizoram,1936,2917.1
Mizoram,1937,2741.6
Mizoram,1938,2971.6
Mizoram,1939,2608.3
Mizoram,1940,2526.7
Mizoram,1941,2966.2
Mizoram,1942,2680.9
Mizoram,1943,2427.9
Mizoram,1944,2877.3
Mizoram,1945,3051.9
Mizoram,1946,3036.2
Mizoram,1947,3210.2
Mizoram,1948,2822.1
Mizoram,1949,2976.3
Mizoram,1950,2423.0
Mizoram,1951,2609.3
Mizoram,1952,2810.9
Mizoram,1953,2661.6
Mizoram,1954,2905.1
Mizoram,1955,2865.0
Mizoram,1956,3022.7
Mizoram,1957,2303.9
Mizoram,1958,1968.6
Mizoram,1959,2327.6
Mizoram,1960,1799.9
Mizoram,1961,1901.2
Mizoram,1962,1822.5
Mizoram,1963,2970.0
Mizoram,1964,2328.7
Mizoram,1965,2031.0
Mizoram,1966,2478.6
Mizoram,1967,2229.9
Mizoram,1968,2110.0
Mizoram,1969,3610.0
Mizoram,1970,4316.2
Mizoram,1971,3080.7
Mizoram,1972,1353.8
Mizoram,1973,2105.8
Mizoram,1974,2329.6
Mizoram,1975,2209.7
Mizoram,1976,2651.4
Mizoram,1977,2358.5
Mizoram,1978,2150.8
Mizoram,1979,1749.2
Mizoram,1980,2305.0
Mizoram,1981,2072.2
Mizoram,1982,2027.5
Mizoram,1983,2588.0
Mizoram,1984,2454.0
Mizoram,1985,2105.3
Mizoram,1986,2342.3
Mizoram,1987,2361.3
Mizoram,1988,2820.2
Mizoram,1989,2359.0
Mizoram,1990,2582.3
Mizoram,1991,2851.9
Mizoram,1992,2221.4
Mizoram,1993,2881.7
Mizoram,1994,1712.5
Mizoram,1995,2340.2
Mizoram,1996,2194.5
Mizoram,1997,2212.0
Mizoram,1998,2225.4
Mizoram,1999,2233.0
Mizoram,2000,2363.9
Mizoram,2001,2149.0
Mizoram,2002,2242.3
Mizoram,2003,2162.2
Mizoram,2004,2353.7
Mizoram,2005,1836.7
Mizoram,2006,1872.0
Mizoram,2007,2538.2
Mizoram,2008,1748.9
Mizoram,2009,1737.7
Mizoram,2010,2295.2
Mizoram,2011,1892.1
Mizoram,2012,1922.9
Mizoram,2013,1557.2
Mizoram,2014,1599.9
Mizoram,2015,1922.4
Mizoram,2016,1956.4
Mizoram,2017,2805.4
Nagaland,1901,2168.4
Nagaland,1902,2175.0
Nagaland,1903,2230.7
Nagaland,1904,2519.8
Nagaland,1905,2527.6
Nagaland,1906,2514.4
Nagaland,1907,2121.7
Nagaland,1908,2319.3
Nagaland,1909,2308.7
Nagaland,1910,2267.9
Nagaland,1911,2479.8
Nagaland,1912,2308.8
Nagaland,1913,2613.2
Nagaland,1914,2529.2
Nagaland,1915,2819.9
Nagaland,1916,2555.0
Nagaland,1917,2222.2
Nagaland,1918,3013.3
Nagaland,1919,2047.9
Nagaland,1920,2375.8
Nagaland,1921,2638.2
Nagaland,1922,2462.6
Nagaland,1923,2685.5
Nagaland,1924,2701.7
Nagaland,1925,2447.5
Nagaland,1926,2463.2
Nagaland,1927,2887.5
Nagaland,1928,2472.4
Nagaland,1929,2859.4
Nagaland,1930,2487.4
Nagaland,1931,2461.1
Nagaland,1932,2761.7
Nagaland,1933,2451.8
Nagaland,1934,3040.8
Nagaland,1935,2543.3
Nagaland,1936,2917.1
Nagaland,1937,2741.6
Nagaland,1938,2971.6
Nagaland,1939,2608.3
Nagaland,1940,2526.7
Nagaland,1941,2966.2
Nagaland,1942,2680.9
Nagaland,1943,2427.9
Nagaland,1944,2877.3
Nagaland,1945,3051.9
Nagaland,1946,3036.2
Nagaland,1947,3210.2
Nagaland,1948,2822.1
Nagaland,1949,2976.3
Nagaland,1950,2423.0
Nagaland,1951,2609.3
Nagaland,1952,2810.9
Nagaland,1953,2661.6
Nagaland,1954,2905.1
Nagaland,1955,2865.0
Nagaland,1956,3022.7
Nagaland,1957,2303.9
Nagaland,1958,1968.6
Nagaland,1959,2327.6
Nagaland,1960,1799.9
Nagaland,1961,1901.2
Nagaland,1962,1822.5
Nagaland,1963,2970.0
Nagaland,1964,2328.7
Nagaland,1965,2031.0
Nagaland,1966,2478.6
Nagaland,1967,2229.9
Nagaland,1968,2110.0
Nagaland,1969,3610.0
Nagaland,1970,4316.2
Nagaland,1971,3080.7
Nagaland,1972,1353.8
Nagaland,1973,2105.8
Nagaland,1974,2329.6
Nagaland,1975,2209.7
Nagaland,1976,2651.4
Nagaland,1977,2358.5
Nagaland,1978,2150.8
Nagaland,1979,1749.2
Nagaland,1980,2305.0
Nagaland,1981,2072.2
Nagaland,1982,2027.5
Nagaland,1983,2588.0
Nagaland,1984,2454.0
Nagaland,1985,2105.3
Nagaland,1986,2342.3
Nagaland,1987,2361.3
Nagaland,1988,2820.2
Nagaland,1989,2359.0
Nagaland,1990,2582.3
Nagaland,1991,2851.9
Nagaland,1992,2221.4
Nagaland,1993,2881.7
Nagaland,1994,1712.5
Nagaland,1995,2340.2
Nagaland,1996,2194.5
Nagaland,1997,2212.0
Nagaland,1998,2225.4
Nagaland,1999,2233.0
Nagaland,2000,2363.9
Nagaland,2001,2149.0
Nagaland,2002,2242.3
Nagaland,2003,2162.2
Nagaland,2004,2353.7
Nagaland,2005,1836.7
Nagaland,2006,1872.0
Nagaland,2007,2538.2
Nagaland,2008,1748.9
Nagaland,2009,1737.7
Nagaland,2010,2295.2
Nagaland,2011,1892.1
Nagaland,2012,1922.9
Nagaland,2013,1557.2
Nagaland,2014,1599.9
Nagaland,2015,1922.4
Nagaland,2016,1956.4
Nagaland,2017,2805.4
Odisha,1901,1284.2
Odisha,1902,1349.0
Odisha,1903,1568.3
Odisha,1904,1514.8
Odisha,1905,1357.3
Odisha,1906,1408.2
Odisha,1907,1447.1
Odisha,1908,1430.6
Odisha,1909,1535.5
Odisha,1910,1598.5
Odisha,1911,1417.3
Odisha,1912,1397.2
Odisha,1913,1544.3
Odisha,1914,1598.5
Odisha,1915,1437.1
Odisha,1916,1479.4
Odisha,1917,1850.1
Odisha,1918,1297.4
Odisha,1919,1758.1
Odisha,1920,1402.6
Odisha,1921,1324.0
Odisha,1922,1466.5
Odisha,1923,1258.6
Odisha,1924,1263.4
Odisha,1925,1807.8
Odisha,1926,1535.8
Odisha,1927,1525.5
Odisha,1928,1585.6
Odisha,1929,1637.8
Odisha,1930,1446.4
Odisha,1931,1477.2
Odisha,1932,1440.2
Odisha,1933,1851.0
Odisha,1934,1488.9
Odisha,1935,1219.4
Odisha,1936,1876.0
Odisha,1937,1567.3
Odisha,1938,1441.6
Odisha,1939,1563.4
Odisha,1940,1687.7
Odisha,1941,1435.2
Odisha,1942,1448.3
Odisha,1943,1586.5
Odisha,1944,1608.1
Odisha,1945,1538.6
Odisha,1946,1614.9
Odisha,1947,1410.9
Odisha,1948,1333.8
Odisha,1949,1348.9
Odisha,1950,1392.8
Odisha,1951,1396.2
Odisha,1952,1516.7
Odisha,1953,1437.7
Odisha,1954,1208.0
Odisha,1955,1597.0
Odisha,1956,1885.4
Odisha,1957,1277.5
Odisha,1958,1624.0
Odisha,1959,1495.9
Odisha,1960,1593.0
Odisha,1961,1945.3
Odisha,1962,1346.5
Odisha,1963,1562.0
Odisha,1964,1354.7
Odisha,1965,1174.7
Odisha,1966,1286.8
Odisha,1967,1427.5
Odisha,1968,1464.1
Odisha,1969,1283.2
Odisha,1970,1412.3
Odisha,1971,1596.8
Odisha,1972,1324.9
Odisha,1973,1573.5
Odisha,1974,987.0
Odisha,1975,1392.0
Odisha,1976,1178.8
Odisha,1977,1477.9
Odisha,1978,1439.0
Odisha,1979,995.9
Odisha,1980,1462.9
Odisha,1981,1295.7
Odisha,1982,1258.5
Odisha,1983,1432.0
Odisha,1984,1377.6
Odisha,1985,1607.3
Odisha,1986,1560.0
Odisha,1987,1097.6
Odisha,1988,1306.9
Odisha,1989,1299.7
Odisha,1990,1905.0
Odisha,1991,1472.8
Odisha,1992,1329.5
Odisha,1993,1448.0
Odisha,1994,1744.6
Odisha,1995,1614.0
Odisha,1996,1061.8
Odisha,1997,1504.5
Odisha,1998,1357.1
Odisha,1999,1484.3
Odisha,2000,1097.2
Odisha,2001,1672.5
Odisha,2002,1102.8
Odisha,2003,1648.2
Odisha,2004,1290.4
Odisha,2005,1503.4
Odisha,2006,1716.9
Odisha,2007,1633.8
Odisha,2008,1538.9
Odisha,2009,1330.3
Odisha,2010,1291.9
Odisha,2011,1346.2
Odisha,2012,1405.9
Odisha,2013,1632.4
Odisha,2014,1536.9
Odisha,2015,1210.1
Odisha,2016,1253.5
Odisha,2017,1344.5
Punjab,1901,523.5
Punjab,1902,398.0
Punjab,1903,571.0
Punjab,1904,451.5
Punjab,1905,434.3
Punjab,1906,677.5
Punjab,1907,589.2
Punjab,1908,740.4
Punjab,1909,846.1
Punjab,1910,616.3
Punjab,1911,505.6
Punjab,1912,536.4
Punjab,1913,561.2
Punjab,1914,794.4
Punjab,1915,421.7
Punjab,1916,588.4
Punjab,1917,1126.7
Punjab,1918,339.6
Punjab,1919,549.9
Punjab,1920,383.1
Punjab,1921,370.4
Punjab,1922,513.6
Punjab,1923,737.9
Punjab,1924,590.8
Punjab,1925,629.6
Punjab,1926,607.3
Punjab,1927,481.0
Punjab,1928,437.1
Punjab,1929,423.0
Punjab,1930,557.2
Punjab,1931,588.6
Punjab,1932,490.3
Punjab,1933,860.6
Punjab,1934,429.2
Punjab,1935,598.2
Punjab,1936,626.4
Punjab,1937,571.1
Punjab,1938,430.9
Punjab,1939,403.7
Punjab,1940,532.2
Punjab,1941,506.3
Punjab,1942,871.6
Punjab,1943,422.3
Punjab,1944,626.9
Punjab,1945,805.3
Punjab,1946,478.1
Punjab,1947,600.9
Punjab,1948,620.2
Punjab,1949,584.9
Punjab,1950,992.0
Punjab,1951,499.5
Punjab,1952,565.9
Punjab,1953,611.5
Punjab,1954,633.2
Punjab,1955,973.9
Punjab,1956,750.4
Punjab,1957,710.5
Punjab,1958,828.0
Punjab,1959,699.8
Punjab,1960,606.9
Punjab,1961,690.1
Punjab,1962,769.3
Punjab,1963,476.2
Punjab,1964,708.8
Punjab,1965,423.2
Punjab,1966,638.2
Punjab,1967,680.4
Punjab,1968,536.2
Punjab,1969,494.8
Punjab,1970,650.6
Punjab,1971,748.0
Punjab,1972,470.9
Punjab,1973,743.1
Punjab,1974,356.2
Punjab,1975,705.9
Punjab,1976,794.7
Punjab,1977,712.6
Punjab,1978,720.6
Punjab,1979,464.0
Punjab,1980,661.7
Punjab,1981,503.7
Punjab,1982,571.3
Punjab,1983,751.1
Punjab,1984,710.5
Punjab,1985,752.9
Punjab,1986,611.9
Punjab,1987,409.6
Punjab,1988,1222.6
Punjab,1989,480.3
Punjab,1990,754.7
Punjab,1991,475.9
Punjab,1992,478.2
Punjab,1993,583.1
Punjab,1994,580.9
Punjab,1995,869.1
Punjab,1996,589.7
Punjab,1997,690.1
Punjab,1998,588.6
Punjab,1999,364.4
Punjab,2000,405.3
Punjab,2001,441.0
Punjab,2002,274.7
Punjab,2003,424.6
Punjab,2004,351.7
Punjab,2005,552.0
Punjab,2006,647.7
Punjab,2007,594.8
Punjab,2008,717.1
Punjab,2009,361.2
Punjab,2010,451.5
Punjab,2011,705.2
Punjab,2012,493.6
Punjab,2013,586.6
Punjab,2014,382.7
Punjab,2015,510.8
Punjab,2016,444.0
Punjab,2017,497.5
Rajasthan,1901,285.7
Rajasthan,1902,386.95
Rajasthan,1903,496.55
Rajasthan,1904,431.2
Rajasthan,1905,197.10000000000002
Rajasthan,1906,458.45
Rajasthan,1907,452.5
Rajasthan,1908,726.05
Rajasthan,1909,603.9
Rajasthan,1910,489.25
Rajasthan,1911,279.6
Rajasthan,1912,467.65
Rajasthan,1913,373.3
Rajasthan,1914,489.45000000000005
Rajasthan,1915,274.5
Rajasthan,1916,633.5
Rajasthan,1917,1059.6
Rajasthan,1918,167.95000000000002
Rajasthan,1919,546.0
Rajasthan,1920,422.70000000000005
Rajasthan,1921,382.9
Rajasthan,1922,457.35
Rajasthan,1923,481.75
Rajasthan,1924,610.75
Rajasthan,1925,326.7
Rajasthan,1926,636.3
Rajasthan,1927,529.15
Rajasthan,1928,440.15
Rajasthan,1929,439.65
Rajasthan,1930,445.7
Rajasthan,1931,584.8
Rajasthan,1932,404.54999999999995
Rajasthan,1933,657.0999999999999
Rajasthan,1934,565.65
Rajasthan,1935,470.7
Rajasthan,1936,403.8
Rajasthan,1937,481.5
Rajasthan,1938,343.3
Rajasthan,1939,269.05
Rajasthan,1940,472.59999999999997
Rajasthan,1941,365.35
Rajasthan,1942,639.0999999999999
Rajasthan,1943,506.1
Rajasthan,1944,716.0
Rajasthan,1945,612.8
Rajasthan,1946,555.4
Rajasthan,1947,484.0
Rajasthan,1948,448.55
Rajasthan,1949,367.0
Rajasthan,1950,509.20000000000005
Rajasthan,1951,271.35
Rajasthan,1952,489.90000000000003
Rajasthan,1953,445.15
Rajasthan,1954,458.15
Rajasthan,1955,617.95
Rajasthan,1956,651.5
Rajasthan,1957,464.65000000000003
Rajasthan,1958,503.40000000000003
Rajasthan,1959,560.75
Rajasthan,1960,404.70000000000005
Rajasthan,1961,642.25
Rajasthan,1962,433.3
Rajasthan,1963,376.1
Rajasthan,1964,491.79999999999995
Rajasthan,1965,319.55
Rajasthan,1966,363.15
Rajasthan,1967,550.1
Rajasthan,1968,330.9
Rajasthan,1969,376.55
Rajasthan,1970,537.05
Rajasthan,1971,517.95
Rajasthan,1972,320.1
Rajasthan,1973,701.5
Rajasthan,1974,388.04999999999995
Rajasthan,1975,725.8499999999999
Rajasthan,1976,620.25
Rajasthan,1977,638.45
Rajasthan,1978,553.4
Rajasthan,1979,411.65
Rajasthan,1980,392.95
Rajasthan,1981,431.9
Rajasthan,1982,486.0
Rajasthan,1983,632.3
Rajasthan,1984,383.25
Rajasthan,1985,392.75
Rajasthan,1986,397.15
Rajasthan,1987,289.35
Rajasthan,1988,460.25
Rajasthan,1989,379.3
Rajasthan,1990,612.55
Rajasthan,1991,378.8
Rajasthan,1992,574.7
Rajasthan,1993,444.35
Rajasthan,1994,627.35
Rajasthan,1995,561.0999999999999
Rajasthan,1996,511.8
Rajasthan,1997,459.5
Rajasthan,1998,377.70000000000005
Rajasthan,1999,306.35
Rajasthan,2000,337.65
Rajasthan,2001,418.25
Rajasthan,2002,188.85000000000002
Rajasthan,2003,497.35
Rajasthan,2004,401.45000000000005
Rajasthan,2005,414.35
Rajasthan,2006,554.85
Rajasthan,2007,443.25
Rajasthan,2008,484.35
Rajasthan,2009,287.25
Rajasthan,2010,581.3
Rajasthan,2011,610.4
Rajasthan,2012,510.45000000000005
Rajasthan,2013,612.75
Rajasthan,2014,492.84999999999997
Rajasthan,2015,554.55
Rajasthan,2016,603.8
Rajasthan,2017,504.29999999999995
Sub Himalayan West Bengal & Sikkim,1901,2113.2
Sub Himalayan West Bengal & Sikkim,1902,3180.4
Sub Himalayan West Bengal & Sikkim,1903,2404.5
Sub Himalayan West Bengal & Sikkim,1904,2169.9
Sub Himalayan West Bengal & Sikkim,1905,3005.0
Sub Himalayan West Bengal & Sikkim,1906,2618.0
Sub Himalayan West Bengal & Sikkim,1907,2530.0
Sub Himalayan West Bengal & Sikkim,1908,1988.2
Sub Himalayan West Bengal & Sikkim,1909,2670.1
Sub Himalayan West Bengal & Sikkim,1910,3046.1
Sub Himalayan West Bengal & Sikkim,1911,3194.2
Sub Himalayan West Bengal & Sikkim,1912,2793.6
Sub Himalayan West Bengal & Sikkim,1913,2935.1
Sub Himalayan West Bengal & Sikkim,1914,2414.1
Sub Himalayan West Bengal & Sikkim,1915,2504.9
Sub Himalayan West Bengal & Sikkim,1916,3476.8
Sub Himalayan West Bengal & Sikkim,1917,2841.6
Sub Himalayan West Bengal & Sikkim,1918,2981.4
Sub Himalayan West Bengal & Sikkim,1919,2544.5
Sub Himalayan West Bengal & Sikkim,1920,2884.1
Sub Himalayan West Bengal & Sikkim,1921,3513.4
Sub Himalayan West Bengal & Sikkim,1922,3001.9
Sub Himalayan West Bengal & Sikkim,1923,2489.0
Sub Himalayan West Bengal & Sikkim,1924,2950.9
Sub Himalayan West Bengal & Sikkim,1925,2886.6
Sub Himalayan West Bengal & Sikkim,1926,2637.7
Sub Himalayan West Bengal & Sikkim,1927,2732.2
Sub Himalayan West Bengal & Sikkim,1928,2868.9
Sub Himalayan West Bengal & Sikkim,1929,2931.3
Sub Himalayan West Bengal & Sikkim,1930,2184.5
Sub Himalayan West Bengal & Sikkim,1931,2876.5
Sub Himalayan West Bengal & Sikkim,1932,2715.6
Sub Himalayan West Bengal & Sikkim,1933,2514.2
Sub Himalayan West Bengal & Sikkim,1934,2612.9
Sub Himalayan West Bengal & Sikkim,1935,2785.1
Sub Himalayan West Bengal & Sikkim,1936,2660.3
Sub Himalayan West Bengal & Sikkim,1937,2568.4
Sub Himalayan West Bengal & Sikkim,1938,3249.3
Sub Himalayan West Bengal & Sikkim,1939,2591.1
Sub Himalayan West Bengal & Sikkim,1940,2320.2
Sub Himalayan West Bengal & Sikkim,1941,2718.0
Sub Himalayan West Bengal & Sikkim,1942,2365.4
Sub Himalayan West Bengal & Sikkim,1943,2917.6
Sub Himalayan West Bengal & Sikkim,1944,2583.2
Sub Himalayan West Bengal & Sikkim,1945,2755.4
Sub Himalayan West Bengal & Sikkim,1946,2768.5
Sub Himalayan West Bengal & Sikkim,1947,2534.1
Sub Himalayan West Bengal & Sikkim,1948,2936.6
Sub Himalayan West Bengal & Sikkim,1949,3287.7
Sub Himalayan West Bengal & Sikkim,1950,2762.5
Sub Himalayan West Bengal & Sikkim,1951,2683.1
Sub Himalayan West Bengal & Sikkim,1952,3270.7
Sub Himalayan West Bengal & Sikkim,1953,2594.0
Sub Himalayan West Bengal & Sikkim,1954,3055.6
Sub Himalayan West Bengal & Sikkim,1955,2992.9
Sub Himalayan West Bengal & Sikkim,1956,2885.5
Sub Himalayan West Bengal & Sikkim,1957,2225.5
Sub Himalayan West Bengal & Sikkim,1958,2820.3
Sub Himalayan West Bengal & Sikkim,1959,2580.1
Sub Himalayan West Bengal & Sikkim,1960,2610.5
Sub Himalayan West Bengal & Sikkim,1961,2304.2
Sub Himalayan West Bengal & Sikkim,1962,2521.7
Sub Himalayan West Bengal & Sikkim,1963,2604.7
Sub Himalayan West Bengal & Sikkim,1964,2981.4
Sub Himalayan West Bengal & Sikkim,1965,2762.7
Sub Himalayan West Bengal & Sikkim,1966,2515.3
Sub Himalayan West Bengal & Sikkim,1967,2860.5
Sub Himalayan West Bengal & Sikkim,1968,3378.8
Sub Himalayan West Bengal & Sikkim,1969,2424.9
Sub Himalayan West Bengal & Sikkim,1970,2702.3
Sub Himalayan West Bengal & Sikkim,1971,3226.8
Sub Himalayan West Bengal & Sikkim,1972,2414.6
Sub Himalayan West Bengal & Sikkim,1973,2804.6
Sub Himalayan West Bengal & Sikkim,1974,3341.6
Sub Himalayan West Bengal & Sikkim,1975,2663.6
Sub Himalayan West Bengal & Sikkim,1976,2793.9
Sub Himalayan West Bengal & Sikkim,1977,2906.5
Sub Himalayan West Bengal & Sikkim,1978,2377.8
Sub Himalayan West Bengal & Sikkim,1979,2511.7
Sub Himalayan West Bengal & Sikkim,1980,3148.6
Sub Himalayan West Bengal & Sikkim,1981,2969.3
Sub Himalayan West Bengal & Sikkim,1982,2337.7
Sub Himalayan West Bengal & Sikkim,1983,2838.8
Sub Himalayan West Bengal & Sikkim,1984,2748.4
Sub Himalayan West Bengal & Sikkim,1985,3037.9
Sub Himalayan West Bengal & Sikkim,1986,2365.4
Sub Himalayan West Bengal & Sikkim,1987,3185.5
Sub Himalayan West Bengal & Sikkim,1988,3141.4
Sub Himalayan West Bengal & Sikkim,1989,2854.6
Sub Himalayan West Bengal & Sikkim,1990,3565.3
Sub Himalayan West Bengal & Sikkim,1991,3072.4
Sub Himalayan West Bengal & Sikkim,1992,2358.8
Sub Himalayan West Bengal & Sikkim,1993,2895.9
Sub Himalayan West Bengal & Sikkim,1994,2127.3
Sub Himalayan West Bengal & Sikkim,1995,3557.8
Sub Himalayan West Bengal & Sikkim,1996,2800.3
Sub Himalayan West Bengal & Sikkim,1997,2551.4
Sub Himalayan West Bengal & Sikkim,1998,3655.1
Sub Himalayan West Bengal & Sikkim,1999,3323.3
Sub Himalayan West Bengal & Sikkim,2000,2908.0
Sub Himalayan West Bengal & Sikkim,2001,2612.6
Sub Himalayan West Bengal & Sikkim,2002,2547.0
Sub Himalayan West Bengal & Sikkim,2003,2723.3
Sub Himalayan West Bengal & Sikkim,2004,2714.7
Sub Himalayan West Bengal & Sikkim,2005,2807.7
Sub Himalayan West Bengal & Sikkim,2006,2262.1
Sub Himalayan West Bengal & Sikkim,2007,2638.9
Sub Himalayan West Bengal & Sikkim,2008,2689.9
Sub Himalayan West Bengal & Sikkim,2009,2324.6
Sub Himalayan West Bengal & Sikkim,2010,2612.3
Sub Himalayan West Bengal & Sikkim,2011,2418.7
Sub Himalayan West Bengal & Sikkim,2012,2632.2
Sub Himalayan West Bengal & Sikkim,2013,2406.1
Sub Himalayan West Bengal & Sikkim,2014,2322.6
Sub Himalayan West Bengal & Sikkim,2015,2518.6
Sub Himalayan West Bengal & Sikkim,2016,2624.8
Sub Himalayan West Bengal & Sikkim,2017,2684.9
Tamil Nadu,1901,960.3
Tamil Nadu,1902,1138.2
Tamil Nadu,1903,1163.9
Tamil Nadu,1904,663.1
Tamil Nadu,1905,821.1
Tamil Nadu,1906,990.2
Tamil Nadu,1907,885.6
Tamil Nadu,1908,765.0
Tamil Nadu,1909,954.6
Tamil Nadu,1910,943.7
Tamil Nadu,1911,814.9
Tamil Nadu,1912,904.1
Tamil Nadu,1913,878.8
Tamil Nadu,1914,953.3
Tamil Nadu,1915,988.5
Tamil Nadu,1916,897.4
Tamil Nadu,1917,948.3
Tamil Nadu,1918,871.7
Tamil Nadu,1919,1028.6
Tamil Nadu,1920,1154.2
Tamil Nadu,1921,979.4
Tamil Nadu,1922,1080.5
Tamil Nadu,1923,834.1
Tamil Nadu,1924,895.1
Tamil Nadu,1925,1013.3
Tamil Nadu,1926,815.6
Tamil Nadu,1927,829.9
Tamil Nadu,1928,970.8
Tamil Nadu,1929,977.7
Tamil Nadu,1930,1275.4
Tamil Nadu,1931,1039.8
Tamil Nadu,1932,1109.8
Tamil Nadu,1933,1010.9
Tamil Nadu,1934,839.7
Tamil Nadu,1935,893.9
Tamil Nadu,1936,944.5
Tamil Nadu,1937,1020.1
Tamil Nadu,1938,783.2
Tamil Nadu,1939,1055.8
Tamil Nadu,1940,1178.5
Tamil Nadu,1941,1006.9
Tamil Nadu,1942,847.3
Tamil Nadu,1943,1187.3
Tamil Nadu,1944,1227.6
Tamil Nadu,1945,784.0
Tamil Nadu,1946,1294.1
Tamil Nadu,1947,939.5
Tamil Nadu,1948,906.7
Tamil Nadu,1949,840.7
Tamil Nadu,1950,747.5
Tamil Nadu,1951,855.1
Tamil Nadu,1952,716.4
Tamil Nadu,1953,968.0
Tamil Nadu,1954,1016.3
Tamil Nadu,1955,1060.6
Tamil Nadu,1956,989.7
Tamil Nadu,1957,866.9
Tamil Nadu,1958,852.5
Tamil Nadu,1959,894.3
Tamil Nadu,1960,1013.9
Tamil Nadu,1961,910.7
Tamil Nadu,1962,941.6
Tamil Nadu,1963,1072.8
Tamil Nadu,1964,910.6
Tamil Nadu,1965,921.8
Tamil Nadu,1966,1166.9
Tamil Nadu,1967,899.1
Tamil Nadu,1968,789.4
Tamil Nadu,1969,961.8
Tamil Nadu,1970,942.1
Tamil Nadu,1971,1047.6
Tamil Nadu,1972,1093.4
Tamil Nadu,1973,858.5
Tamil Nadu,1974,652.8
Tamil Nadu,1975,923.6
Tamil Nadu,1976,858.9
Tamil Nadu,1977,1246.0
Tamil Nadu,1978,998.8
Tamil Nadu,1979,1103.4
Tamil Nadu,1980,709.1
Tamil Nadu,1981,1045.9
Tamil Nadu,1982,678.6
Tamil Nadu,1983,1007.7
Tamil Nadu,1984,1023.8
Tamil Nadu,1985,1063.5
Tamil Nadu,1986,953.0
Tamil Nadu,1987,963.5
Tamil Nadu,1988,837.2
Tamil Nadu,1989,856.5
Tamil Nadu,1990,903.2
Tamil Nadu,1991,954.8
Tamil Nadu,1992,918.7
Tamil Nadu,1993,1082.3
Tamil Nadu,1994,905.9
Tamil Nadu,1995,843.4
Tamil Nadu,1996,1069.4
Tamil Nadu,1997,950.5
Tamil Nadu,1998,1079.7
Tamil Nadu,1999,922.6
Tamil Nadu,2000,972.0
Tamil Nadu,2001,483.4
Tamil Nadu,2002,318.0
Tamil Nadu,2003,348.5
Tamil Nadu,2004,1037.6
Tamil Nadu,2005,1365.3
Tamil Nadu,2006,927.9
Tamil Nadu,2007,1067.2
Tamil Nadu,2008,1203.4
Tamil Nadu,2009,928.5
Tamil Nadu,2010,1095.2
Tamil Nadu,2011,926.5
Tamil Nadu,2012,636.1
Tamil Nadu,2013,741.9
Tamil Nadu,2014,913.0
Tamil Nadu,2015,1204.6
Tamil Nadu,2016,535.0
Tamil Nadu,2017,973.0
Telangana,1901,827.7
Telangana,1902,630.4
Telangana,1903,1283.4
Telangana,1904,526.7
Telangana,1905,724.9
Telangana,1906,855.2
Telangana,1907,843.7
Telangana,1908,982.8
Telangana,1909,769.5
Telangana,1910,975.9
Telangana,1911,662.0
Telangana,1912,743.8
Telangana,1913,732.2
Telangana,1914,1083.5
Telangana,1915,1022.0
Telangana,1916,1162.6
Telangana,1917,1206.0
Telangana,1918,554.7
Telangana,1919,894.6
Telangana,1920,437.0
Telangana,1921,1003.3
Telangana,1922,767.5
Telangana,1923,786.2
Telangana,1924,944.5
Telangana,1925,1167.9
Telangana,1926,763.5
Telangana,1927,1005.5
Telangana,1928,1006.4
Telangana,1929,790.5
Telangana,1930,835.8
Telangana,1931,1183.1
Telangana,1932,949.9
Telangana,1933,1396.3
Telangana,1934,927.9
Telangana,1935,898.5
Telangana,1936,1157.0
Telangana,1937,866.1
Telangana,1938,1175.3
Telangana,1939,740.0
Telangana,1940,1082.6
Telangana,1941,594.4
Telangana,1942,906.9
Telangana,1943,899.3
Telangana,1944,960.5
Telangana,1945,1027.4
Telangana,1946,822.8
Telangana,1947,1005.5
Telangana,1948,915.0
Telangana,1949,1038.6
Telangana,1950,761.3
Telangana,1951,900.8
Telangana,1952,729.7
Telangana,1953,1272.1
Telangana,1954,928.4
Telangana,1955,1203.2
Telangana,1956,1120.5
Telangana,1957,983.2
Telangana,1958,1113.9
Telangana,1959,1224.1
Telangana,1960,839.5
Telangana,1961,1146.5
Telangana,1962,1138.7
Telangana,1963,1010.1
Telangana,1964,887.5
Telangana,1965,778.9
Telangana,1966,970.9
Telangana,1967,942.1
Telangana,1968,748.7
Telangana,1969,1047.1
Telangana,1970,970.3
Telangana,1971,729.1
Telangana,1972,670.7
Telangana,1973,1042.5
Telangana,1974,830.4
Telangana,1975,1215.8
Telangana,1976,1035.6
Telangana,1977,808.6
Telangana,1978,1311.7
Telangana,1979,791.7
Telangana,1980,922.6
Telangana,1981,1143.5
Telangana,1982,933.2
Telangana,1983,1497.5
Telangana,1984,742.8
Telangana,1985,785.9
Telangana,1986,1007.3
Telangana,1987,976.9
Telangana,1988,1544.9
Telangana,1989,1161.0
Telangana,1990,1425.7
Telangana,1991,849.1
Telangana,1992,863.5
Telangana,1993,885.6
Telangana,1994,975.7
Telangana,1995,1286.0
Telangana,1996,986.8
Telangana,1997,856.0
Telangana,1998,1093.0
Telangana,1999,863.8
Telangana,2000,1078.0
Telangana,2001,922.3
Telangana,2002,765.3
Telangana,2003,963.2
Telangana,2004,667.0
Telangana,2005,1163.1
Telangana,2006,1053.0
Telangana,2007,843.3
Telangana,2008,1035.3
Telangana,2009,666.3
Telangana,2010,1276.4
Telangana,2011,753.1
Telangana,2012,1008.6
Telangana,2013,1348.7
Telangana,2014,746.4
Telangana,2015,857.3
Telangana,2016,1043.4
Telangana,2017,815.7
Tripura,1901,2168.4
Tripura,1902,2175.0
Tripura,1903,2230.7
Tripura,1904,2519.8
Tripura,1905,2527.6
Tripura,1906,2514.4
Tripura,1907,2121.7
Tripura,1908,2319.3
Tripura,1909,2308.7
Tripura,1910,2267.9
Tripura,1911,2479.8
Tripura,1912,2308.8
Tripura,1913,2613.2
Tripura,1914,2529.2
Tripura,1915,2819.9
Tripura,1916,2555.0
Tripura,1917,2222.2
Tripura,1918,3013.3
Tripura,1919,2047.9
Tripura,1920,2375.8
Tripura,1921,2638.2
Tripura,1922,2462.6
Tripura,1923,2685.5
Tripura,1924,2701.7
Tripura,1925,2447.5
Tripura,1926,2463.2
Tripura,1927,2887.5
Tripura,1928,2472.4
Tripura,1929,2859.4
Tripura,1930,2487.4
Tripura,1931,2461.1
Tripura,1932,2761.7
Tripura,1933,2451.8
Tripura,1934,3040.8
Tripura,1935,2543.3
Tripura,1936,2917.1
Tripura,1937,2741.6
Tripura,1938,2971.6
Tripura,1939,2608.3
Tripura,1940,2526.7
Tripura,1941,2966.2
Tripura,1942,2680.9
Tripura,1943,2427.9
Tripura,1944,2877.3
Tripura,1945,3051.9
Tripura,1946,3036.2
Tripura,1947,3210.2
Tripura,1948,2822.1
Tripura,1949,2976.3
Tripura,1950,2423.0
Tripura,1951,2609.3
Tripura,1952,2810.9
Tripura,1953,2661.6
Tripura,1954,2905.1
Tripura,1955,2865.0
Tripura,1956,3022.7
Tripura,1957,2303.9
Tripura,1958,1968.6
Tripura,1959,2327.6
Tripura,1960,1799.9
Tripura,1961,1901.2
Tripura,1962,1822.5
Tripura,1963,2970.0
Tripura,1964,2328.7
Tripura,1965,2031.0
Tripura,1966,2478.6
Tripura,1967,2229.9
Tripura,1968,2110.0
Tripura,1969,3610.0
Tripura,1970,4316.2
Tripura,1971,3080.7
Tripura,1972,1353.8
Tripura,1973,2105.8
Tripura,1974,2329.6
Tripura,1975,2209.7
Tripura,1976,2651.4
Tripura,1977,2358.5
Tripura,1978,2150.8
Tripura,1979,1749.2
Tripura,1980,2305.0
Tripura,1981,2072.2
Tripura,1982,2027.5
Tripura,1983,2588.0
Tripura,1984,2454.0
Tripura,1985,2105.3
Tripura,1986,2342.3
Tripura,1987,2361.3
Tripura,1988,2820.2
Tripura,1989,2359.0
Tripura,1990,2582.3
Tripura,1991,2851.9
Tripura,1992,2221.4
Tripura,1993,2881.7
Tripura,1994,1712.5
Tripura,1995,2340.2
Tripura,1996,2194.5
Tripura,1997,2212.0
Tripura,1998,2225.4
Tripura,1999,2233.0
Tripura,2000,2363.9
Tripura,2001,2149.0
Tripura,2002,2242.3
Tripura,2003,2162.2
Tripura,2004,2353.7
Tripura,2005,1836.7
Tripura,2006,1872.0
Tripura,2007,2538.2
Tripura,2008,1748.9
Tripura,2009,1737.7
Tripura,2010,2295.2
Tripura,2011,1892.1
Tripura,2012,1922.9
Tripura,2013,1557.2
Tripura,2014,1599.9
Tripura,2015,1922.4
Tripura,2016,1956.4
Tripura,2017,2805.4
Uttar Pradesh,1901,824.55
Uttar Pradesh,1902,820.9000000000001
Uttar Pradesh,1903,1012.4000000000001
Uttar Pradesh,1904,1008.2
Uttar Pradesh,1905,662.55
Uttar Pradesh,1906,988.2
Uttar Pradesh,1907,627.9
Uttar Pradesh,1908,805.5
Uttar Pradesh,1909,1004.95
Uttar Pradesh,1910,996.1500000000001
Uttar Pradesh,1911,932.75
Uttar Pradesh,1912,842.05
Uttar Pradesh,1913,678.35
Uttar Pradesh,1914,938.15
Uttar Pradesh,1915,1106.15
Uttar Pradesh,1916,1158.0500000000002
Uttar Pradesh,1917,1168.35
Uttar Pradesh,1918,511.3
Uttar Pradesh,1919,996.25
Uttar Pradesh,1920,741.5
Uttar Pradesh,1921,1053.5
Uttar Pradesh,1922,1182.4
Uttar Pradesh,1923,989.25
Uttar Pradesh,1924,1092.0
Uttar Pradesh,1925,1028.9499999999998
Uttar Pradesh,1926,953.25
Uttar Pradesh,1927,982.7
Uttar Pradesh,1928,724.7
Uttar Pradesh,1929,832.45
Uttar Pradesh,1930,928.8
Uttar Pradesh,1931,988.9499999999999
Uttar Pradesh,1932,722.25
Uttar Pradesh,1933,1006.4
Uttar Pradesh,1934,983.0500000000001
Uttar Pradesh,1935,852.2
Uttar Pradesh,1936,1381.95
Uttar Pradesh,1937,856.0
Uttar Pradesh,1938,1052.3
Uttar Pradesh,1939,833.05
Uttar Pradesh,1940,825.3499999999999
Uttar Pradesh,1941,657.3
Uttar Pradesh,1942,1058.4
Uttar Pradesh,1943,975.75
Uttar Pradesh,1944,915.9
Uttar Pradesh,1945,973.2
Uttar Pradesh,1946,967.75
Uttar Pradesh,1947,907.75
Uttar Pradesh,1948,1175.6
Uttar Pradesh,1949,1018.85
Uttar Pradesh,1950,892.7
Uttar Pradesh,1951,740.7
Uttar Pradesh,1952,905.5999999999999
Uttar Pradesh,1953,1014.35
Uttar Pradesh,1954,924.5
Uttar Pradesh,1955,1242.6
Uttar Pradesh,1956,1159.25
Uttar Pradesh,1957,980.45
Uttar Pradesh,1958,1091.1
Uttar Pradesh,1959,818.75
Uttar Pradesh,1960,1149.9
Uttar Pradesh,1961,1206.3
Uttar Pradesh,1962,935.1
Uttar Pradesh,1963,963.0
Uttar Pradesh,1964,1019.3
Uttar Pradesh,1965,679.5
Uttar Pradesh,1966,731.9
Uttar Pradesh,1967,1093.3000000000002
Uttar Pradesh,1968,766.65
Uttar Pradesh,1969,951.3499999999999
Uttar Pradesh,1970,998.05
Uttar Pradesh,1971,1157.1
Uttar Pradesh,1972,626.0
Uttar Pradesh,1973,880.8
Uttar Pradesh,1974,775.55
Uttar Pradesh,1975,1107.5
Uttar Pradesh,1976,788.35
Uttar Pradesh,1977,954.2
Uttar Pradesh,1978,1180.25
Uttar Pradesh,1979,627.25
Uttar Pradesh,1980,1236.6
Uttar Pradesh,1981,924.8499999999999
Uttar Pradesh,1982,1039.85
Uttar Pradesh,1983,1198.25
Uttar Pradesh,1984,929.0
Uttar Pradesh,1985,1066.5500000000002
Uttar Pradesh,1986,825.25
Uttar Pradesh,1987,645.75
Uttar Pradesh,1988,1060.35
Uttar Pradesh,1989,813.5999999999999
Uttar Pradesh,1990,1032.05
Uttar Pradesh,1991,811.95
Uttar Pradesh,1992,842.0
Uttar Pradesh,1993,802.95
Uttar Pradesh,1994,858.5
Uttar Pradesh,1995,843.65
Uttar Pradesh,1996,975.75
Uttar Pradesh,1997,469.25
Uttar Pradesh,1998,764.1
Uttar Pradesh,1999,869.5999999999999
Uttar Pradesh,2000,859.0999999999999
Uttar Pradesh,2001,817.75
Uttar Pradesh,2002,657.1500000000001
Uttar Pradesh,2003,1071.95
Uttar Pradesh,2004,694.5999999999999
Uttar Pradesh,2005,748.0
Uttar Pradesh,2006,580.7
Uttar Pradesh,2007,656.85
Uttar Pradesh,2008,876.5999999999999
Uttar Pradesh,2009,579.7
Uttar Pradesh,2010,756.45
Uttar Pradesh,2011,779.3
Uttar Pradesh,2012,496.15000000000003
Uttar Pradesh,2013,987.1
Uttar Pradesh,2014,594.05
Uttar Pradesh,2015,593.0
Uttar Pradesh,2016,782.25
Uttar Pradesh,2017,640.1
Uttarakhand,1901,1562.5
Uttarakhand,1902,1324.2
Uttarakhand,1903,1306.5
Uttarakhand,1904,1492.0
Uttarakhand,1905,1302.1
Uttarakhand,1906,1537.9
Uttarakhand,1907,1194.4
Uttarakhand,1908,1256.2
Uttarakhand,1909,1717.7
Uttarakhand,1910,1963.9
Uttarakhand,1911,1542.9
Uttarakhand,1912,1394.5
Uttarakhand,1913,1137.6
Uttarakhand,1914,1940.9
Uttarakhand,1915,1601.3
Uttarakhand,1916,1678.8
Uttarakhand,1917,2102.9
Uttarakhand,1918,1215.2
Uttarakhand,1919,1583.1
Uttarakhand,1920,1328.4
Uttarakhand,1921,1848.7
Uttarakhand,1922,1860.0
Uttarakhand,1923,1582.9
Uttarakhand,1924,1927.1
Uttarakhand,1925,1535.0
Uttarakhand,1926,1381.2
Uttarakhand,1927,1649.9
Uttarakhand,1928,1241.9
Uttarakhand,1929,1212.2
Uttarakhand,1930,1271.2
Uttarakhand,1931,1334.1
Uttarakhand,1932,1369.6
Uttarakhand,1933,1595.8
Uttarakhand,1934,1339.0
Uttarakhand,1935,1137.2
Uttarakhand,1936,1912.3
Uttarakhand,1937,1533.6
Uttarakhand,1938,1529.3
Uttarakhand,1939,1142.6
Uttarakhand,1940,1223.7
Uttarakhand,1941,1061.6
Uttarakhand,1942,1711.4
Uttarakhand,1943,1366.7
Uttarakhand,1944,1198.9
Uttarakhand,1945,1648.0
Uttarakhand,1946,1526.7
Uttarakhand,1947,1359.8
Uttarakhand,1948,1535.4
Uttarakhand,1949,1412.1
Uttarakhand,1950,1584.1
Uttarakhand,1951,1174.3
Uttarakhand,1952,1477.8
Uttarakhand,1953,1565.8
Uttarakhand,1954,1862.9
Uttarakhand,1955,1666.9
Uttarakhand,1956,1943.0
Uttarakhand,1957,1780.7
Uttarakhand,1958,1499.0
Uttarakhand,1959,1743.0
Uttarakhand,1960,1540.1
Uttarakhand,1961,1948.3
Uttarakhand,1962,1647.4
Uttarakhand,1963,1802.0
Uttarakhand,1964,1769.6
Uttarakhand,1965,1305.7
Uttarakhand,1966,1465.8
Uttarakhand,1967,1556.2
Uttarakhand,1968,1478.6
Uttarakhand,1969,1635.7
Uttarakhand,1970,1293.5
Uttarakhand,1971,1803.8
Uttarakhand,1972,1077.8
Uttarakhand,1973,1239.7
Uttarakhand,1974,1161.8
Uttarakhand,1975,1580.3
Uttarakhand,1976,986.3
Uttarakhand,1977,1416.3
Uttarakhand,1978,2031.4
Uttarakhand,1979,1072.3
Uttarakhand,1980,1333.5
Uttarakhand,1981,1356.1
Uttarakhand,1982,1372.1
Uttarakhand,1983,1525.3
Uttarakhand,1984,1339.1
Uttarakhand,1985,1653.7
Uttarakhand,1986,1514.5
Uttarakhand,1987,987.3
Uttarakhand,1988,1602.4
Uttarakhand,1989,1263.8
Uttarakhand,1990,1564.9
Uttarakhand,1991,1020.7
Uttarakhand,1992,1108.1
Uttarakhand,1993,1594.1
Uttarakhand,1994,1441.7
Uttarakhand,1995,1616.1
Uttarakhand,1996,1401.4
Uttarakhand,1997,803.4
Uttarakhand,1998,1198.6
Uttarakhand,1999,1185.5
Uttarakhand,2000,1712.9
Uttarakhand,2001,1544.4
Uttarakhand,2002,1574.7
Uttarakhand,2003,1734.3
Uttarakhand,2004,1219.6
Uttarakhand,2005,1348.2
Uttarakhand,2006,1178.9
Uttarakhand,2007,1924.3
Uttarakhand,2008,1363.7
Uttarakhand,2009,847.8
Uttarakhand,2010,1424.0
Uttarakhand,2011,1564.7
Uttarakhand,2012,1223.9
Uttarakhand,2013,1735.4
Uttarakhand,2014,1287.4
Uttarakhand,2015,1247.6
Uttarakhand,2016,1308.6
Uttarakhand,2017,1476.0
West Bengal,1901,1487.6
West Bengal,1902,1347.7
West Bengal,1903,1354.3
West Bengal,1904,1383.1
West Bengal,1905,1666.9
West Bengal,1906,1395.6
West Bengal,1907,1337.0
West Bengal,1908,1400.0
West Bengal,1909,1697.8
West Bengal,1910,1385.9
West Bengal,1911,1264.9
West Bengal,1912,1347.4
West Bengal,1913,1826.8
West Bengal,1914,1383.9
West Bengal,1915,1310.3
West Bengal,1916,1600.5
West Bengal,1917,1775.8
West Bengal,1918,1395.4
West Bengal,1919,1482.2
West Bengal,1920,1363.6
West Bengal,1921,1300.2
West Bengal,1922,1655.6
West Bengal,1923,1285.2
West Bengal,1924,1266.5
West Bengal,1925,1273.6
West Bengal,1926,1705.4
West Bengal,1927,1190.5
West Bengal,1928,1625.0
West Bengal,1929,1557.3
West Bengal,1930,1380.8
West Bengal,1931,1475.8
West Bengal,1932,1306.9
West Bengal,1933,1867.2
West Bengal,1934,1117.4
West Bengal,1935,1015.1
West Bengal,1936,1505.6
West Bengal,1937,1522.5
West Bengal,1938,1337.8
West Bengal,1939,1698.4
West Bengal,1940,1358.5
West Bengal,1941,1801.1
West Bengal,1942,1615.6
West Bengal,1943,1446.2
West Bengal,1944,1406.4
West Bengal,1945,1271.5
West Bengal,1946,1714.2
West Bengal,1947,1363.0
West Bengal,1948,1532.1
West Bengal,1949,1493.7
West Bengal,1950,1615.6
West Bengal,1951,1214.0
West Bengal,1952,1395.7
West Bengal,1953,1505.8
West Bengal,1954,1080.0
West Bengal,1955,1268.2
West Bengal,1956,1714.2
West Bengal,1957,1130.5
West Bengal,1958,1151.1
West Bengal,1959,1812.9
West Bengal,1960,1245.5
West Bengal,1961,1290.4
West Bengal,1962,1173.6
West Bengal,1963,1289.5
West Bengal,1964,1278.5
West Bengal,1965,1263.7
West Bengal,1966,1118.7
West Bengal,1967,1348.4
West Bengal,1968,1597.7
West Bengal,1969,1404.0
West Bengal,1970,1648.5
West Bengal,1971,2099.8
West Bengal,1972,1333.2
West Bengal,1973,1735.2
West Bengal,1974,1470.7
West Bengal,1975,1466.2
West Bengal,1976,1240.6
West Bengal,1977,1840.6
West Bengal,1978,1872.5
West Bengal,1979,1157.9
West Bengal,1980,1521.0
West Bengal,1981,1909.0
West Bengal,1982,1111.0
West Bengal,1983,1463.6
West Bengal,1984,1831.7
West Bengal,1985,1413.4
West Bengal,1986,1791.0
West Bengal,1987,1591.5
West Bengal,1988,1681.5
West Bengal,1989,1626.3
West Bengal,1990,1961.3
West Bengal,1991,1609.1
West Bengal,1992,1414.6
West Bengal,1993,1759.7
West Bengal,1994,1530.8
West Bengal,1995,1936.0
West Bengal,1996,1504.0
West Bengal,1997,1657.7
West Bengal,1998,1632.7
West Bengal,1999,1957.0
West Bengal,2000,1572.1
West Bengal,2001,1540.6
West Bengal,2002,1613.3
West Bengal,2003,1496.7
West Bengal,2004,1569.4
West Bengal,2005,1604.9
West Bengal,2006,1660.5
West Bengal,2007,1941.4
West Bengal,2008,1555.2
West Bengal,2009,1315.0
West Bengal,2010,1064.8
West Bengal,2011,1686.5
West Bengal,2012,1268.0
West Bengal,2013,1764.1
West Bengal,2014,1261.4
West Bengal,2015,1530.3
West Bengal,2016,1427.0
West Bengal,2017,1568.6
